"","State","State.Code","Region","Division","GEOID","medIncomeE","medIncomeM","giniE","giniM","rentE","rentM","rentPercE","rentPercM","ownPercE","ownPercM","mortPercE","mortPercM","noMortPercE","noMortPercM","Year"
"1","Alabama","AL","South","East South Central","01",42849,641,0.4752,0.0039,694,7,30,0.5,16.9,0.2,20.7,0.3,10.6,0.3,2013
"2","Alabama","AL","South","East South Central","01",40474,472,0.472,0.004,667,9,32.2,0.6,19,0.2,23,0.3,12.3,0.3,2010
"3","Alabama","AL","South","East South Central","01",41415,550,0.4735,0.0044,687,7,32.1,0.6,18.7,0.2,22.5,0.3,12.2,0.3,2011
"4","Alabama","AL","South","East South Central","01",42830,598,0.4758,0.0042,717,9,31,0.7,17.1,0.2,21,0.3,10.9,0.3,2014
"5","Alabama","AL","South","East South Central","01",48123,768,0.4768,0.0053,750,11,28.9,0.4,15.4,0.2,19.1,0.3,10,NA,2017
"6","Alabama","AL","South","East South Central","01",51734,600,0.4741,0.0052,807,9,28.7,0.7,14.8,0.2,18.9,0.3,9,NA,2019
"7","Alabama","AL","South","East South Central","01",46257,677,0.4847,0.0053,743,8,29.6,0.5,15.8,0.2,19.4,0.2,10,NA,2016
"8","Alabama","AL","South","East South Central","01",38783,512,0.472,0.005,573,6,29.1,0.6,18.2,0.2,21.7,0.3,11.7,0.3,2006
"9","Alabama","AL","South","East South Central","01",40554,428,0.471,0.005,601,7,29.2,0.6,18.1,0.2,21.9,0.3,11.3,0.3,2007
"10","Alabama","AL","South","East South Central","01",44765,744,0.4811,0.0045,729,9,29.9,0.6,16.3,0.2,19.8,0.3,10.6,0.2,2015
"11","Alabama","AL","South","East South Central","01",40489,528,0.471,0.005,657,8,30.9,0.8,18.5,0.2,22.2,0.3,11.7,0.3,2009
"12","Alabama","AL","South","East South Central","01",42666,682,0.467,0.006,631,9,29.2,0.6,18.1,0.2,21.7,0.2,11.3,0.3,2008
"13","Alabama","AL","South","East South Central","01",41574,477,0.4726,0.0037,689,8,29.9,0.7,17.4,0.3,21.3,0.3,11.1,0.3,2012
"14","Alabama","AL","South","East South Central","01",49861,783,0.4859,0.0048,788,9,29.1,0.5,15.3,0.2,19.1,0.3,9,NA,2018
"15","Alaska","AK","West","Pacific","02",72237,1892,0.4083,0.0103,1117,25,27.5,1,18.3,0.5,22.1,0.7,10.3,0.7,2013
"16","Alaska","AK","West","Pacific","02",71583,1784,0.4175,0.0107,1183,29,30.6,1.2,18.4,0.4,21.9,0.6,10.2,0.7,2014
"17","Alaska","AK","West","Pacific","02",66953,2331,0.402,0.014,1007,39,26.2,1.2,20.4,0.8,24.1,0.7,10.9,0.8,2009
"18","Alaska","AK","West","Pacific","02",76440,2230,0.4081,0.0106,1208,34,26.7,1.1,18,0.5,21.9,0.6,10,NA,2016
"19","Alaska","AK","West","Pacific","02",73181,2628,0.4241,0.0104,1201,41,28.1,1.3,18.6,0.4,21.9,0.6,11.2,0.7,2017
"20","Alaska","AK","West","Pacific","02",74346,2288,0.4322,0.0102,1177,31,27.4,1,17.8,0.5,22,0.8,9,NA,2018
"21","Alaska","AK","West","Pacific","02",67825,1948,0.4099,0.0115,1049,37,27.7,0.9,19.5,0.5,23.5,0.7,11.7,0.6,2011
"22","Alaska","AK","West","Pacific","02",59393,1442,0.417,0.012,883,23,27.6,1,20.9,0.6,24.3,0.6,10.7,0.7,2006
"23","Alaska","AK","West","Pacific","02",73355,2316,0.4322,0.0135,1163,25,29,1.2,18.5,0.5,22.3,0.6,10,NA,2015
"24","Alaska","AK","West","Pacific","02",67712,1894,0.4232,0.0107,1120,34,29,1.1,19.6,0.5,23.3,0.5,11.3,0.8,2012
"25","Alaska","AK","West","Pacific","02",64333,1594,0.409,0.013,918,29,26.4,1.2,20.8,0.6,24.2,0.7,10.9,0.7,2007
"26","Alaska","AK","West","Pacific","02",68460,1917,0.403,0.014,949,23,26.9,1.2,20.7,0.6,24.1,0.6,11.3,0.7,2008
"27","Alaska","AK","West","Pacific","02",64576,2085,0.422,0.01,981,21,29,1.3,20.1,0.6,23.3,0.6,10.8,0.8,2010
"28","Alaska","AK","West","Pacific","02",75463,2694,0.4376,0.0123,1201,37,27.6,1.5,17.3,0.5,21.7,0.7,9,NA,2019
"29","Arizona","AZ","West","Mountain","04",46709,554,0.46,0.0051,850,8,31.1,0.7,21.5,0.3,25.3,0.5,11.5,0.3,2011
"30","Arizona","AZ","West","Mountain","04",50068,483,0.4676,0.0036,916,9,29.8,0.4,18.1,0.2,21.7,0.3,10.2,0.3,2014
"31","Arizona","AZ","West","Mountain","04",48510,587,0.4681,0.005,890,8,29.8,0.5,18.7,0.2,22.6,0.3,10.5,0.3,2013
"32","Arizona","AZ","West","Mountain","04",59246,732,0.4613,0.0047,1036,10,28.8,0.4,17.4,0.2,21,0.2,9,NA,2018
"33","Arizona","AZ","West","Mountain","04",47265,439,0.454,0.005,762,8,29.4,0.5,21.6,0.3,25.3,0.3,10.7,0.3,2006
"34","Arizona","AZ","West","Mountain","04",48745,484,0.451,0.005,859,8,31,0.7,22.5,0.2,26.6,0.3,11.3,0.4,2009
"35","Arizona","AZ","West","Mountain","04",56581,516,0.4668,0.004,1020,9,29.2,0.4,17.6,0.2,21.2,0.3,10,NA,2017
"36","Arizona","AZ","West","Mountain","04",49889,508,0.448,0.004,819,9,30,0.6,21.9,0.3,25.9,0.3,10.5,0.3,2007
"37","Arizona","AZ","West","Mountain","04",51492,431,0.4702,0.0043,933,9,29.5,0.4,17.9,0.2,21.7,0.3,10,NA,2015
"38","Arizona","AZ","West","Mountain","04",53558,634,0.4713,0.005,976,7,29,0.4,17.7,0.2,21.4,0.3,10.1,0.3,2016
"39","Arizona","AZ","West","Mountain","04",50958,511,0.453,0.005,866,9,30.1,0.6,22.5,0.3,26.7,0.3,10.9,0.3,2008
"40","Arizona","AZ","West","Mountain","04",46789,531,0.455,0.004,844,9,31.6,0.6,22.2,0.2,26.5,0.3,11.3,0.3,2010
"41","Arizona","AZ","West","Mountain","04",47826,604,0.4608,0.0039,888,8,30.8,0.5,19.7,0.3,23.6,0.3,10.9,0.3,2012
"42","Arizona","AZ","West","Mountain","04",62055,446,0.4591,0.004,1101,8,28.6,0.4,16.9,0.3,20.6,0.3,9,NA,2019
"43","Arkansas","AR","South","West South Central","05",40511,710,0.4685,0.0077,659,8,29.3,0.6,15.6,0.3,19.9,0.4,10,NA,2013
"44","Arkansas","AR","South","West South Central","05",38758,761,0.4684,0.0061,639,10,31.4,0.9,17.2,0.3,21.1,0.4,11,0.4,2011
"45","Arkansas","AR","South","West South Central","05",38134,739,0.462,0.007,573,9,28.9,0.6,17,0.2,20.6,0.4,10.8,0.3,2007
"46","Arkansas","AR","South","West South Central","05",36599,491,0.46,0.007,566,7,29.5,0.8,17.3,0.3,20.7,0.4,11.7,0.3,2006
"47","Arkansas","AR","South","West South Central","05",41262,653,0.4714,0.0084,683,9,28.9,0.6,16.3,0.3,19.7,0.3,10.7,0.3,2014
"48","Arkansas","AR","South","West South Central","05",44334,921,0.4719,0.0059,701,9,27.6,0.7,14.9,0.3,18.8,0.3,10,NA,2016
"49","Arkansas","AR","South","West South Central","05",45869,760,0.4725,0.0059,711,10,27.6,0.6,14.7,0.2,18.5,0.3,10,NA,2017
"50","Arkansas","AR","South","West South Central","05",41995,477,0.4773,0.0062,695,8,28.9,0.7,15.8,0.3,19.6,0.3,10.2,0.3,2015
"51","Arkansas","AR","South","West South Central","05",40112,497,0.4632,0.0055,640,8,29.4,0.7,16.6,0.2,20.2,0.4,10.7,0.4,2012
"52","Arkansas","AR","South","West South Central","05",38815,702,0.459,0.006,606,10,29.3,0.7,17.4,0.3,21.2,0.5,11,0.3,2008
"53","Arkansas","AR","South","West South Central","05",48952,863,0.475,0.0064,742,10,27.2,0.7,14.5,0.3,18.7,0.4,9,NA,2019
"54","Arkansas","AR","South","West South Central","05",38307,643,0.458,0.007,638,8,29.9,0.7,17.2,0.3,21.5,0.4,10.9,0.4,2010
"55","Arkansas","AR","South","West South Central","05",47062,713,0.4845,0.0073,731,11,28.3,0.6,14.8,0.2,18.6,0.3,9,NA,2018
"56","Arkansas","AR","South","West South Central","05",37823,629,0.461,0.006,606,8,29.3,0.8,17,0.3,21,0.3,11,0.3,2009
"57","California","CA","West","Pacific","06",61021,236,0.473,0.002,1135,4,32.5,0.2,27.2,0.2,31.8,0.2,11,0.2,2008
"58","California","CA","West","Pacific","06",71805,294,0.4866,0.0017,1447,5,32.7,0.2,21.9,0.2,25.3,0.2,11.2,0.2,2017
"59","California","CA","West","Pacific","06",60190,255,0.4903,0.0018,1224,4,33.8,0.2,23,0.1,26.8,0.2,11.1,0.2,2013
"60","California","CA","West","Pacific","06",56645,236,0.466,0.002,1029,5,32.4,0.3,26.8,0.2,31,0.2,11.7,0.2,2006
"61","California","CA","West","Pacific","06",61933,238,0.489,0.0015,1268,5,33.6,0.2,22.5,0.1,26.2,0.2,11,0.1,2014
"62","California","CA","West","Pacific","06",80440,313,0.4866,0.0018,1614,7,31.7,0.3,21,0.2,24.7,0.2,10.5,0.2,2019
"63","California","CA","West","Pacific","06",75277,317,0.4912,0.0017,1520,7,32.5,0.2,21.5,0.2,25.2,0.2,11.1,0.2,2018
"64","California","CA","West","Pacific","06",67739,356,0.4899,0.0017,1375,5,32.8,0.2,21.9,0.2,25.4,0.2,11,0.2,2016
"65","California","CA","West","Pacific","06",59948,295,0.469,0.003,1078,5,31.9,0.2,27.1,0.2,31.6,0.2,11.2,0.2,2007
"66","California","CA","West","Pacific","06",58931,274,0.467,0.002,1155,5,32.9,0.2,26.7,0.1,31.2,0.2,11.1,0.2,2009
"67","California","CA","West","Pacific","06",57708,354,0.471,0.002,1163,5,33.8,0.2,26.3,0.2,30.6,0.2,11.4,0.2,2010
"68","California","CA","West","Pacific","06",64500,395,0.4876,0.0017,1311,5,33,0.2,22.2,0.1,25.9,0.2,11,0.2,2015
"69","California","CA","West","Pacific","06",58328,354,0.4822,0.0016,1200,4,34.1,0.2,24.5,0.2,28.4,0.1,11.7,0.2,2012
"70","California","CA","West","Pacific","06",57287,279,0.4812,0.002,1174,4,34.1,0.2,25.6,0.2,29.6,0.2,11.8,0.2,2011
"71","Colorado","CO","West","Mountain","08",71953,655,0.4561,0.0044,1289,12,30.7,0.5,18.4,0.2,21.3,0.3,9,NA,2018
"72","Colorado","CO","West","Mountain","08",58823,808,0.4614,0.0043,971,10,30.9,0.5,19.3,0.2,22.4,0.2,10,NA,2013
"73","Colorado","CO","West","Mountain","08",52015,491,0.45,0.005,780,10,30.2,0.6,23.2,0.3,25.8,0.3,11.4,0.3,2006
"74","Colorado","CO","West","Mountain","08",55212,650,0.452,0.006,788,9,29.7,0.5,22.8,0.2,25.7,0.3,10,0.4,2007
"75","Colorado","CO","West","Mountain","08",56765,594,0.4579,0.0039,934,11,30.5,0.5,20.6,0.3,23.5,0.3,10.1,0.3,2012
"76","Colorado","CO","West","Mountain","08",65685,636,0.4586,0.0042,1171,10,31.2,0.6,18.6,0.2,21.4,0.2,10,NA,2016
"77","Colorado","CO","West","Mountain","08",56993,623,0.457,0.004,848,9,30,0.5,22.2,0.2,25.1,0.3,9.7,0.3,2008
"78","Colorado","CO","West","Mountain","08",77127,791,0.4548,0.0048,1369,14,30,0.6,18.4,0.2,21.5,0.2,9,NA,2019
"79","Colorado","CO","West","Mountain","08",63909,891,0.458,0.0045,1111,11,30.2,0.5,18.5,0.2,21.4,0.3,10,NA,2015
"80","Colorado","CO","West","Mountain","08",54046,729,0.457,0.005,863,8,31.2,0.6,22.2,0.3,25.2,0.3,10.7,0.4,2010
"81","Colorado","CO","West","Mountain","08",61303,487,0.4584,0.0042,1020,12,30.4,0.6,19,0.2,22.1,0.2,10,NA,2014
"82","Colorado","CO","West","Mountain","08",55387,605,0.4588,0.005,900,12,30.9,0.6,21.4,0.3,24.3,0.3,10.8,0.4,2011
"83","Colorado","CO","West","Mountain","08",55430,704,0.453,0.005,851,10,31.3,0.5,21.9,0.2,24.9,0.3,10,0.3,2009
"84","Colorado","CO","West","Mountain","08",69117,780,0.4553,0.0041,1240,13,30.9,0.4,18.5,0.2,21.4,0.2,10,NA,2017
"85","Connecticut","CT","Northeast","New England","09",70048,828,0.5005,0.005,1076,13,31.9,0.6,22,0.3,23.9,0.2,15.8,0.5,2014
"86","Connecticut","CT","Northeast","New England","09",68595,1131,0.486,0.006,970,11,30.6,0.7,24.3,0.3,26.7,0.3,16.2,0.5,2008
"87","Connecticut","CT","Northeast","New England","09",63422,824,0.48,0.006,886,11,30,0.6,23.9,0.3,26.3,0.4,16.2,0.5,2006
"88","Connecticut","CT","Northeast","New England","09",73433,1059,0.4945,0.0052,1115,11,30.7,0.7,20.4,0.3,22.6,0.3,14.5,0.3,2016
"89","Connecticut","CT","Northeast","New England","09",67276,865,0.4915,0.006,1019,13,31.7,0.6,23.4,0.3,25.5,0.4,16.5,0.5,2012
"90","Connecticut","CT","Northeast","New England","09",65967,815,0.481,0.005,931,13,30.2,0.6,24,0.3,26.5,0.4,16.3,0.4,2007
"91","Connecticut","CT","Northeast","New England","09",78833,1358,0.5024,0.0053,1177,13,29.6,0.6,19.9,0.2,22.4,0.3,14.2,0.3,2019
"92","Connecticut","CT","Northeast","New England","09",67034,993,0.48,0.006,1006,14,31.5,0.9,24.3,0.3,26.5,0.4,17,0.5,2009
"93","Connecticut","CT","Northeast","New England","09",74168,1345,0.4943,0.0051,1125,13,30.7,0.7,20.6,0.3,22.7,0.3,14.6,0.4,2017
"94","Connecticut","CT","Northeast","New England","09",67098,1058,0.4994,0.0054,1040,14,31.6,0.7,22.4,0.3,24.3,0.3,16.3,0.5,2013
"95","Connecticut","CT","Northeast","New England","09",65753,854,0.4859,0.0051,1021,12,32.7,0.7,24.1,0.3,26.4,0.4,17.1,0.4,2011
"96","Connecticut","CT","Northeast","New England","09",71346,783,0.4916,0.0043,1108,12,31.4,0.6,21.7,0.3,23.6,0.3,15.5,0.5,2015
"97","Connecticut","CT","Northeast","New England","09",64032,1092,0.486,0.007,992,12,32.1,0.6,24.6,0.3,26.8,0.3,17.6,0.4,2010
"98","Connecticut","CT","Northeast","New England","09",76348,921,0.5014,0.0051,1171,14,31.5,0.7,20.4,0.3,22.6,0.3,14.7,0.4,2018
"99","Delaware","DE","South","South Atlantic","10",54610,1581,0.435,0.01,910,25,30.6,1.3,21.4,0.6,24.9,0.7,11.3,0.6,2007
"100","Delaware","DE","South","South Atlantic","10",52833,1415,0.434,0.01,830,20,29.5,1.5,19.8,0.5,23.3,0.5,11.6,0.6,2006
"101","Delaware","DE","South","South Atlantic","10",58415,1593,0.4356,0.0083,960,19,29.5,1.1,20.3,0.5,23.8,0.5,10.9,0.6,2012
"102","Delaware","DE","South","South Atlantic","10",57989,1601,0.447,0.01,917,22,30.7,1.8,21.3,0.5,25.1,0.7,11,0.8,2008
"103","Delaware","DE","South","South Atlantic","10",58814,1586,0.4404,0.0114,960,22,31.7,1.9,20.6,0.6,24.1,0.5,11.2,0.6,2011
"104","Delaware","DE","South","South Atlantic","10",59716,1674,0.4494,0.0095,1024,27,29.8,1.2,19.2,0.4,22.3,0.7,11.3,0.7,2014
"105","Delaware","DE","South","South Atlantic","10",57846,1876,0.4513,0.0098,999,21,30.6,1.6,19.1,0.5,22.4,0.5,11.1,0.6,2013
"106","Delaware","DE","South","South Atlantic","10",62852,2464,0.4811,0.0132,1086,22,29.5,1.1,17.8,0.4,21.3,0.6,10,NA,2017
"107","Delaware","DE","South","South Atlantic","10",61255,1281,0.4523,0.0123,1049,26,29.3,1.4,18.6,0.5,22,0.5,10.8,0.6,2015
"108","Delaware","DE","South","South Atlantic","10",64805,1570,0.4587,0.0102,1108,25,31.3,1.5,18.1,0.4,22,0.7,10.2,0.6,2018
"109","Delaware","DE","South","South Atlantic","10",61757,1492,0.4522,0.0109,1048,25,30,1.4,17.7,0.4,21.2,0.6,10,NA,2016
"110","Delaware","DE","South","South Atlantic","10",56860,1744,0.434,0.01,949,22,31.3,1.3,21.5,0.6,24.8,0.7,11.9,0.5,2009
"111","Delaware","DE","South","South Atlantic","10",55847,1499,0.44,0.01,952,22,32.3,1.2,21.7,0.5,24.8,0.5,11.8,0.7,2010
"112","Delaware","DE","South","South Atlantic","10",70176,1623,0.4509,0.0126,1116,22,29.7,1.5,16.9,0.4,20.2,0.6,9,NA,2019
"113","District of Columbia","DC","South","South Atlantic","11",75506,3416,0.542,0.0121,1376,32,29.3,0.8,19,0.6,21,0.6,10,NA,2016
"114","District of Columbia","DC","South","South Atlantic","11",51847,1221,0.537,0.012,914,24,29.1,0.9,22.3,0.8,25,0.9,10.8,1.2,2006
"115","District of Columbia","DC","South","South Atlantic","11",66583,2040,0.5343,0.0126,1235,29,29.3,0.7,21,0.7,23.3,0.7,10,NA,2012
"116","District of Columbia","DC","South","South Atlantic","11",75628,2493,0.5354,0.0156,1417,39,29.3,0.8,18.7,0.5,21.2,0.7,10,NA,2015
"117","District of Columbia","DC","South","South Atlantic","11",92266,2497,0.5115,0.0099,1603,45,27.1,0.9,18.6,0.6,21,0.8,9,NA,2019
"118","District of Columbia","DC","South","South Atlantic","11",67572,3383,0.532,0.0119,1307,39,29.8,0.8,19.8,0.7,22.1,0.7,11.4,1.2,2013
"119","District of Columbia","DC","South","South Atlantic","11",82372,2651,0.5281,0.0118,1499,35,29.2,0.8,18.6,0.6,21,0.8,10,NA,2017
"120","District of Columbia","DC","South","South Atlantic","11",71648,1996,0.5224,0.0092,1360,45,29.5,0.8,19.1,0.5,21,0.6,11.9,1.1,2014
"121","District of Columbia","DC","South","South Atlantic","11",63124,2407,0.5338,0.0151,1216,36,29.7,1,21.6,0.7,24.2,0.8,10,NA,2011
"122","District of Columbia","DC","South","South Atlantic","11",54317,1984,0.542,0.013,934,27,29.4,0.9,22.5,0.8,25.3,1,11.1,1.1,2007
"123","District of Columbia","DC","South","South Atlantic","11",60903,1540,0.532,0.011,1198,39,30.4,1.2,22,0.8,24.8,1,11,1,2010
"124","District of Columbia","DC","South","South Atlantic","11",57936,2402,0.54,0.013,1011,33,29,0.8,21.8,0.8,24.5,0.9,10.7,1.2,2008
"125","District of Columbia","DC","South","South Atlantic","11",59290,1710,0.532,0.01,1059,30,29.7,0.8,22.5,0.8,24.7,0.8,9.9,1,2009
"126","District of Columbia","DC","South","South Atlantic","11",85203,3414,0.5243,0.0096,1516,45,28.5,0.9,18.3,0.6,20.2,0.8,9,NA,2018
"127","Florida","FL","South","South Atlantic","12",46036,310,0.4843,0.0028,972,4,34.1,0.3,20.1,0.2,25,0.3,12.6,0.1,2013
"128","Florida","FL","South","South Atlantic","12",47463,329,0.4834,0.0024,1003,7,34.2,0.3,19.6,0.1,24.4,0.2,12.6,0.2,2014
"129","Florida","FL","South","South Atlantic","12",44736,290,0.469,0.003,952,6,35.2,0.4,24.5,0.2,29.8,0.2,14.1,0.1,2009
"130","Florida","FL","South","South Atlantic","12",50860,241,0.4852,0.0027,1086,6,33.3,0.3,18.9,0.1,23.4,0.2,12.3,0.2,2016
"131","Florida","FL","South","South Atlantic","12",45040,345,0.4828,0.0026,954,5,34.7,0.3,21.8,0.2,27.1,0.2,13.2,0.2,2012
"132","Florida","FL","South","South Atlantic","12",49426,331,0.4872,0.0027,1046,5,33.6,0.3,19.2,0.1,23.8,0.2,12.5,0.2,2015
"133","Florida","FL","South","South Atlantic","12",45495,247,0.467,0.003,872,4,33.1,0.4,23.6,0.2,28.1,0.2,14.2,0.2,2006
"134","Florida","FL","South","South Atlantic","12",47778,351,0.471,0.003,947,6,33.9,0.4,24.4,0.2,29.8,0.2,13.7,0.2,2008
"135","Florida","FL","South","South Atlantic","12",44299,406,0.4811,0.0037,949,6,36,0.5,23.3,0.2,28.5,0.3,14.1,0.2,2011
"136","Florida","FL","South","South Atlantic","12",47804,341,0.469,0.003,925,5,33.1,0.3,24.6,0.3,29.7,0.3,14.2,0.2,2007
"137","Florida","FL","South","South Atlantic","12",44409,324,0.474,0.003,947,5,35.5,0.4,24.2,0.2,29.5,0.2,14.4,0.2,2010
"138","Florida","FL","South","South Atlantic","12",52594,364,0.4859,0.0029,1128,5,33.3,0.3,18.5,0.2,22.9,0.2,12,0.2,2017
"139","Florida","FL","South","South Atlantic","12",59227,443,0.4808,0.0026,1238,7,33.1,0.3,18.1,0.2,22.7,0.2,11.5,0.1,2019
"140","Florida","FL","South","South Atlantic","12",55462,384,0.4887,0.0025,1182,6,33.3,0.3,18.5,0.2,22.9,0.2,12.1,0.2,2018
"141","Georgia","GA","South","South Atlantic","13",46832,401,0.461,0.004,738,7,30,0.5,20.9,0.2,23.9,0.2,11.7,0.2,2006
"142","Georgia","GA","South","South Atlantic","13",47829,628,0.4837,0.0035,850,6,31.4,0.4,18.8,0.2,22.2,0.2,10.8,0.2,2013
"143","Georgia","GA","South","South Atlantic","13",61980,437,0.4795,0.0041,1049,9,29.3,0.4,16.7,0.2,19.9,0.2,9,NA,2019
"144","Georgia","GA","South","South Atlantic","13",49321,543,0.4801,0.0034,882,7,31.1,0.5,18.4,0.2,21.6,0.2,11.1,0.3,2014
"145","Georgia","GA","South","South Atlantic","13",49136,488,0.464,0.004,768,7,29.6,0.4,20.9,0.2,24,0.2,11.1,0.3,2007
"146","Georgia","GA","South","South Atlantic","13",56183,572,0.483,0.0028,958,8,29.1,0.4,16.9,0.2,19.8,0.2,10,NA,2017
"147","Georgia","GA","South","South Atlantic","13",47590,414,0.469,0.004,800,7,31.3,0.4,21.1,0.2,24.4,0.2,11.4,0.2,2009
"148","Georgia","GA","South","South Atlantic","13",46007,454,0.477,0.0046,833,6,32.7,0.5,21.3,0.3,24.5,0.3,12.4,0.2,2011
"149","Georgia","GA","South","South Atlantic","13",50861,410,0.467,0.004,787,6,29.8,0.4,20.9,0.2,23.9,0.2,10.6,0.3,2008
"150","Georgia","GA","South","South Atlantic","13",46430,470,0.468,0.003,819,7,32.4,0.5,22,0.2,25.2,0.3,12.3,0.2,2010
"151","Georgia","GA","South","South Atlantic","13",47209,378,0.4809,0.0031,837,5,31.7,0.5,19.8,0.2,23.1,0.3,11.4,0.3,2012
"152","Georgia","GA","South","South Atlantic","13",51244,372,0.4801,0.0036,909,6,30,0.4,18,0.2,21.1,0.2,10.8,0.3,2015
"153","Georgia","GA","South","South Atlantic","13",53559,710,0.4813,0.0039,933,7,29.4,0.4,17.4,0.2,20.3,0.3,10.5,0.3,2016
"154","Georgia","GA","South","South Atlantic","13",58756,711,0.4822,0.0036,1008,9,29.9,0.5,16.9,0.2,19.8,0.2,10,0.3,2018
"155","Hawaii","HI","West","Pacific","15",64098,1574,0.425,0.009,1293,43,33.5,1.1,23.9,0.7,29.7,0.8,9.9,0.5,2009
"156","Hawaii","HI","West","Pacific","15",61821,1035,0.4301,0.0084,1308,34,34.4,1,24,0.7,29.7,0.8,10,NA,2011
"157","Hawaii","HI","West","Pacific","15",77765,1795,0.4455,0.0081,1573,36,33.2,1.1,20.1,0.5,25.5,0.7,10,NA,2017
"158","Hawaii","HI","West","Pacific","15",63030,1556,0.433,0.008,1291,32,33.5,1.1,23.7,0.6,30.1,1,10.1,0.6,2010
"159","Hawaii","HI","West","Pacific","15",61160,1162,0.438,0.009,1116,28,31,1.2,22.8,0.5,28.4,0.7,9.1,0.4,2006
"160","Hawaii","HI","West","Pacific","15",73486,2012,0.4346,0.0071,1500,41,33.5,0.9,20.8,0.5,25.7,0.8,10,NA,2015
"161","Hawaii","HI","West","Pacific","15",74511,1776,0.442,0.0072,1483,28,33.4,1.2,20.4,0.6,25.4,0.6,10,NA,2016
"162","Hawaii","HI","West","Pacific","15",68020,1523,0.44,0.0087,1414,32,32.9,0.9,22.3,0.6,27.6,0.6,10,NA,2013
"163","Hawaii","HI","West","Pacific","15",63746,1923,0.422,0.009,1194,26,31.6,1.2,22.1,0.7,28.4,0.7,8.8,0.4,2007
"164","Hawaii","HI","West","Pacific","15",66259,1628,0.4257,0.0064,1379,29,32.7,0.9,23.9,0.5,29.3,0.6,10,NA,2012
"165","Hawaii","HI","West","Pacific","15",67214,1868,0.428,0.01,1298,38,32.9,1,23.7,0.7,29.8,0.8,9.9,0.6,2008
"166","Hawaii","HI","West","Pacific","15",69592,1456,0.4325,0.008,1448,30,33.9,0.9,21.8,0.5,26.7,0.7,10,NA,2014
"167","Hawaii","HI","West","Pacific","15",80212,2020,0.445,0.0092,1613,40,31.6,1,19.7,0.6,25.3,0.7,9,NA,2018
"168","Hawaii","HI","West","Pacific","15",83102,2138,0.4397,0.0077,1651,49,32,1.2,20.4,0.6,26.4,0.8,9,NA,2019
"169","Idaho","ID","West","Mountain","16",51807,963,0.4503,0.0097,790,17,28.3,0.9,17,0.3,20.6,0.5,10,NA,2016
"170","Idaho","ID","West","Mountain","16",60999,1070,0.4337,0.0098,880,16,28,1.1,16.7,0.5,20.2,0.5,9,NA,2019
"171","Idaho","ID","West","Mountain","16",52225,871,0.4478,0.0103,822,16,28.4,0.9,17.6,0.4,21.3,0.5,10,NA,2017
"172","Idaho","ID","West","Mountain","16",46783,930,0.4376,0.008,725,12,29.1,0.8,18.6,0.4,22.6,0.5,10,NA,2013
"173","Idaho","ID","West","Mountain","16",42865,877,0.421,0.007,623,12,27,0.9,20.8,0.4,24.1,0.4,10.9,0.5,2006
"174","Idaho","ID","West","Mountain","16",44926,953,0.421,0.008,694,13,29.3,0.9,20.9,0.4,24.8,0.4,10.7,0.6,2009
"175","Idaho","ID","West","Mountain","16",43490,1005,0.433,0.009,683,13,30.5,1.1,20.6,0.4,24.7,0.4,10.6,0.5,2010
"176","Idaho","ID","West","Mountain","16",43341,1320,0.432,0.0087,689,11,30.9,1.2,20,0.4,24.7,0.6,10.3,0.6,2011
"177","Idaho","ID","West","Mountain","16",47861,1275,0.4541,0.0111,755,16,28.6,0.8,18,0.4,21.6,0.5,10,NA,2014
"178","Idaho","ID","West","Mountain","16",55583,915,0.4454,0.0106,848,16,28.3,1.1,17,0.4,20.9,0.5,9,NA,2018
"179","Idaho","ID","West","Mountain","16",45489,929,0.4302,0.0089,702,14,30,0.9,19.4,0.3,23.6,0.5,10,NA,2012
"180","Idaho","ID","West","Mountain","16",46253,755,0.436,0.01,654,11,26.8,0.9,20.2,0.4,23.7,0.4,10.1,0.5,2007
"181","Idaho","ID","West","Mountain","16",48275,1093,0.4525,0.0105,770,15,28.5,1.2,17.9,0.4,21.6,0.6,10,NA,2015
"182","Idaho","ID","West","Mountain","16",47576,961,0.419,0.008,690,12,28,0.7,20.6,0.4,24.3,0.4,10.3,0.5,2008
"183","Illinois","IL","Midwest","East North Central","17",69187,585,0.48,0.0032,1020,8,28.1,0.3,17.8,0.1,20.6,0.2,12.2,0.2,2019
"184","Illinois","IL","Midwest","East North Central","17",53966,404,0.469,0.004,828,5,30.6,0.4,22.2,0.2,25.5,0.2,13.5,0.2,2009
"185","Illinois","IL","Midwest","East North Central","17",53234,511,0.4718,0.0035,859,5,31.7,0.4,22.3,0.2,25.6,0.3,14,0.2,2011
"186","Illinois","IL","Midwest","East North Central","17",60960,389,0.481,0.0028,950,6,29.3,0.3,18.7,0.2,21.5,0.2,12.8,0.2,2016
"187","Illinois","IL","Midwest","East North Central","17",54124,370,0.466,0.003,783,5,30,0.4,22.5,0.1,25.7,0.2,13.7,0.1,2007
"188","Illinois","IL","Midwest","East North Central","17",52006,274,0.462,0.004,761,5,29.7,0.4,22.6,0.2,25.8,0.2,14,0.1,2006
"189","Illinois","IL","Midwest","East North Central","17",62992,544,0.4818,0.0028,974,6,29.4,0.3,18.6,0.1,21.3,0.2,12.9,0.2,2017
"190","Illinois","IL","Midwest","East North Central","17",56210,403,0.4824,0.0031,885,5,29.8,0.3,19.9,0.2,23.1,0.2,13,0.2,2013
"191","Illinois","IL","Midwest","East North Central","17",59588,511,0.4817,0.0026,936,6,29.7,0.3,19.1,0.1,22.1,0.2,13,0.2,2015
"192","Illinois","IL","Midwest","East North Central","17",57444,429,0.4765,0.003,905,7,30.1,0.4,19.5,0.2,22.6,0.2,13.2,0.2,2014
"193","Illinois","IL","Midwest","East North Central","17",55137,408,0.4716,0.0031,868,5,30.4,0.5,21.1,0.2,24.2,0.2,13.6,0.2,2012
"194","Illinois","IL","Midwest","East North Central","17",56235,363,0.467,0.004,811,6,29.6,0.4,22.5,0.2,25.7,0.2,13.6,0.2,2008
"195","Illinois","IL","Midwest","East North Central","17",52972,439,0.465,0.003,848,5,31.5,0.3,22.5,0.2,25.9,0.2,13.8,0.2,2010
"196","Illinois","IL","Midwest","East North Central","17",65030,500,0.4852,0.0028,995,7,28.9,0.3,18.5,0.2,21.3,0.3,13,0.2,2018
"197","Indiana","IN","Midwest","East North Central","18",46438,455,0.4461,0.0053,707,7,31.1,0.6,18.5,0.2,21.2,0.2,11.3,0.2,2011
"198","Indiana","IN","Midwest","East North Central","18",52314,371,0.4527,0.0043,768,6,28.4,0.3,15.6,0.2,18.3,0.2,10,NA,2016
"199","Indiana","IN","Midwest","East North Central","18",45424,455,0.434,0.004,687,6,29.7,0.5,19.2,0.2,21.8,0.2,11.8,0.3,2009
"200","Indiana","IN","Midwest","East North Central","18",50532,387,0.4519,0.0044,758,7,29.1,0.4,16.4,0.2,18.9,0.2,10.2,0.2,2015
"201","Indiana","IN","Midwest","East North Central","18",47966,539,0.437,0.005,670,6,28.7,0.5,19.5,0.2,22.1,0.2,11.8,0.3,2008
"202","Indiana","IN","Midwest","East North Central","18",54181,658,0.4497,0.0045,793,6,28.2,0.4,15.5,0.2,18.1,0.2,10,NA,2017
"203","Indiana","IN","Midwest","East North Central","18",47529,516,0.4554,0.0053,730,6,29.9,0.5,17.1,0.2,19.6,0.2,10.6,0.2,2013
"204","Indiana","IN","Midwest","East North Central","18",57603,680,0.4584,0.0048,840,7,28.1,0.4,15.3,0.2,18,0.2,9,NA,2019
"205","Indiana","IN","Midwest","East North Central","18",45394,421,0.432,0.006,638,5,29.2,0.4,19.4,0.2,21.9,0.2,12.2,0.2,2006
"206","Indiana","IN","Midwest","East North Central","18",44613,452,0.44,0.004,683,6,30.8,0.6,18.8,0.2,21.6,0.2,11,0.3,2010
"207","Indiana","IN","Midwest","East North Central","18",55746,522,0.4511,0.0041,820,6,28.5,0.4,15.7,0.2,18.3,0.2,9,NA,2018
"208","Indiana","IN","Midwest","East North Central","18",49446,487,0.4455,0.0037,753,6,29.8,0.5,17.1,0.2,19.5,0.2,10.8,0.2,2014
"209","Indiana","IN","Midwest","East North Central","18",46974,421,0.4417,0.0035,715,6,29.7,0.4,17.5,0.2,20,0.2,10.6,0.3,2012
"210","Indiana","IN","Midwest","East North Central","18",47448,378,0.429,0.004,638,5,27.8,0.5,19.1,0.2,21.8,0.2,11.2,0.3,2007
"211","Iowa","IA","Midwest","West North Central","19",56247,695,0.4451,0.0053,741,9,27.4,0.6,16,0.3,18.7,0.3,10.8,0.3,2016
"212","Iowa","IA","Midwest","West North Central","19",49427,693,0.434,0.0054,643,8,29,0.6,18,0.2,20.9,0.3,12,0.3,2011
"213","Iowa","IA","Midwest","West North Central","19",58570,851,0.4381,0.0054,760,9,26.4,0.6,16.1,0.2,18.7,0.2,11,0.2,2017
"214","Iowa","IA","Midwest","West North Central","19",53712,761,0.4433,0.0053,711,8,27,0.6,16.9,0.2,19.4,0.2,11.7,0.2,2014
"215","Iowa","IA","Midwest","West North Central","19",54736,787,0.4393,0.0046,718,8,27.3,0.6,16.4,0.2,19,0.2,11.4,0.3,2015
"216","Iowa","IA","Midwest","West North Central","19",44491,523,0.424,0.004,584,8,27.4,0.6,18.8,0.2,21.6,0.3,12.7,0.3,2006
"217","Iowa","IA","Midwest","West North Central","19",52229,533,0.4429,0.0053,679,6,27.1,0.6,16.6,0.2,19.2,0.2,10.9,0.3,2013
"218","Iowa","IA","Midwest","West North Central","19",47292,577,0.426,0.006,567,8,26.7,0.5,18.5,0.2,21.5,0.3,12.1,0.2,2007
"219","Iowa","IA","Midwest","West North Central","19",61691,750,0.4422,0.0056,808,9,26.5,0.6,16,0.2,18.7,0.2,11.1,0.3,2019
"220","Iowa","IA","Midwest","West North Central","19",47961,647,0.427,0.005,629,9,28.1,0.6,18.1,0.2,21.3,0.3,11.5,0.3,2010
"221","Iowa","IA","Midwest","West North Central","19",48980,643,0.428,0.005,607,8,27.1,0.6,18.2,0.2,21.2,0.2,11.7,0.2,2008
"222","Iowa","IA","Midwest","West North Central","19",48044,426,0.431,0.005,611,8,27.2,0.6,18,0.2,20.9,0.3,11.5,0.3,2009
"223","Iowa","IA","Midwest","West North Central","19",50957,431,0.4328,0.0048,661,8,27.5,0.6,17.3,0.2,20,0.3,11.5,0.2,2012
"224","Iowa","IA","Midwest","West North Central","19",59955,877,0.4413,0.0052,777,8,26.6,0.6,16.3,0.2,18.9,0.2,11.4,0.3,2018
"225","Kansas","KS","Midwest","West North Central","20",50972,609,0.4589,0.0088,745,8,28,0.5,17.2,0.2,20.1,0.3,11.5,0.3,2013
"226","Kansas","KS","Midwest","West North Central","20",50177,478,0.442,0.006,654,11,27.2,0.8,18.5,0.2,21.3,0.3,11.6,0.3,2008
"227","Kansas","KS","Midwest","West North Central","20",54935,893,0.455,0.0051,789,10,27.4,0.5,16.6,0.3,19.4,0.2,11.2,0.3,2016
"228","Kansas","KS","Midwest","West North Central","20",47451,640,0.444,0.006,623,8,26.4,0.6,18.6,0.2,21.6,0.3,11.7,0.3,2007
"229","Kansas","KS","Midwest","West North Central","20",53906,872,0.4596,0.0074,782,10,27,0.5,17,0.2,19.8,0.2,11.3,0.3,2015
"230","Kansas","KS","Midwest","West North Central","20",58218,773,0.4633,0.0062,840,9,28,0.6,16.9,0.2,19.6,0.2,11.9,0.3,2018
"231","Kansas","KS","Midwest","West North Central","20",48257,870,0.445,0.004,682,8,28.1,0.7,18.7,0.2,21.8,0.3,11.8,0.3,2010
"232","Kansas","KS","Midwest","West North Central","20",45478,506,0.441,0.005,609,9,27.6,0.7,18.9,0.2,21.7,0.3,12.4,0.3,2006
"233","Kansas","KS","Midwest","West North Central","20",48964,756,0.4442,0.0057,709,11,28.6,0.6,18.8,0.3,21.9,0.3,12.6,0.3,2011
"234","Kansas","KS","Midwest","West North Central","20",50241,520,0.4496,0.005,711,9,27.9,0.5,17.8,0.2,20.8,0.3,11.8,0.2,2012
"235","Kansas","KS","Midwest","West North Central","20",52504,706,0.4597,0.0056,773,9,28.2,0.5,17.3,0.2,20.2,0.3,11.8,0.3,2014
"236","Kansas","KS","Midwest","West North Central","20",62087,692,0.45,0.0058,862,10,26.4,0.7,16,0.2,19,0.3,11.1,0.3,2019
"237","Kansas","KS","Midwest","West North Central","20",56422,702,0.4539,0.0064,815,11,27.5,0.5,16.5,0.2,19.3,0.2,11.4,0.2,2017
"238","Kansas","KS","Midwest","West North Central","20",47817,670,0.444,0.005,671,8,27.8,0.7,18.4,0.2,21.2,0.3,11.6,0.3,2009
"239","Kentucky","KY","South","East South Central","21",41538,446,0.467,0.005,578,6,28.3,0.6,18.1,0.2,21.8,0.3,10.5,0.3,2008
"240","Kentucky","KY","South","East South Central","21",43399,650,0.4721,0.0068,668,9,28.3,0.5,16.6,0.2,20.2,0.3,10.1,0.3,2013
"241","Kentucky","KY","South","East South Central","21",45215,470,0.4781,0.0053,702,8,28.1,0.5,16.3,0.2,19.7,0.2,10.6,0.2,2015
"242","Kentucky","KY","South","East South Central","21",50247,567,0.4787,0.006,779,9,27.6,0.5,15.8,0.2,19.1,0.2,10.5,0.3,2018
"243","Kentucky","KY","South","East South Central","21",41724,419,0.4667,0.004,636,7,29.2,0.5,17.4,0.2,21.1,0.3,10.5,0.3,2012
"244","Kentucky","KY","South","East South Central","21",42958,697,0.4704,0.0033,678,6,29.7,0.6,17,0.2,20.3,0.3,11,0.3,2014
"245","Kentucky","KY","South","East South Central","21",39372,535,0.46,0.006,548,9,27.9,0.7,18.2,0.2,21.5,0.3,11,0.3,2006
"246","Kentucky","KY","South","East South Central","21",40267,522,0.465,0.006,563,6,27.8,0.5,17.9,0.2,21.5,0.3,10.5,0.3,2007
"247","Kentucky","KY","South","East South Central","21",41141,464,0.4709,0.0065,626,7,30.6,0.6,18,0.2,21.7,0.3,11.5,0.3,2011
"248","Kentucky","KY","South","East South Central","21",52295,625,0.4764,0.0052,773,10,27,0.7,15.5,0.3,18.9,0.3,9,NA,2019
"249","Kentucky","KY","South","East South Central","21",40062,502,0.466,0.005,613,7,29.8,0.6,18.3,0.2,22.2,0.3,11.3,0.3,2010
"250","Kentucky","KY","South","East South Central","21",48375,630,0.4784,0.0051,724,8,27.3,0.5,15.6,0.2,18.8,0.2,10.3,0.3,2017
"251","Kentucky","KY","South","East South Central","21",46659,600,0.4813,0.006,707,8,27.9,0.6,16,0.3,19.2,0.2,10.3,0.3,2016
"252","Kentucky","KY","South","East South Central","21",40072,535,0.464,0.005,613,8,29.1,0.6,18.1,0.2,21.7,0.3,11,0.3,2009
"253","Louisiana","LA","South","West South Central","22",40926,457,0.478,0.004,651,10,30.5,0.7,17,0.3,21.6,0.3,10.5,0.3,2007
"254","Louisiana","LA","South","West South Central","22",45727,670,0.4909,0.0045,800,9,32.3,0.6,15.2,0.3,19.9,0.3,10,NA,2015
"255","Louisiana","LA","South","West South Central","22",44164,869,0.4914,0.0047,763,9,31.4,0.7,15.5,0.3,20.3,0.4,10,NA,2013
"256","Louisiana","LA","South","West South Central","22",39337,603,0.475,0.005,618,9,30.5,0.8,17.1,0.3,21.4,0.4,10.6,0.3,2006
"257","Louisiana","LA","South","West South Central","22",43733,631,0.477,0.006,698,9,30.7,0.9,16.9,0.3,21.3,0.4,10.1,0.3,2008
"258","Louisiana","LA","South","West South Central","22",42505,707,0.475,0.006,736,10,31.7,0.7,16.9,0.2,21.6,0.3,10.5,0.3,2010
"259","Louisiana","LA","South","West South Central","22",41734,528,0.4836,0.0056,747,8,33.5,0.8,16.8,0.2,21.7,0.3,10.3,0.3,2011
"260","Louisiana","LA","South","West South Central","22",45146,776,0.499,0.0055,808,10,32.6,0.7,15,0.3,19.8,0.3,10,NA,2016
"261","Louisiana","LA","South","West South Central","22",44555,738,0.4902,0.0054,801,8,31.8,0.7,15.5,0.2,20.4,0.4,10,NA,2014
"262","Louisiana","LA","South","West South Central","22",42944,680,0.4859,0.0049,747,9,31.5,0.7,16,0.3,20.9,0.3,10,NA,2012
"263","Louisiana","LA","South","West South Central","22",46145,634,0.4935,0.0047,836,9,33,0.7,15,0.2,19.7,0.3,10,NA,2017
"264","Louisiana","LA","South","West South Central","22",47905,740,0.4936,0.0058,854,9,33,0.7,15.1,0.3,19.7,0.3,9,NA,2018
"265","Louisiana","LA","South","West South Central","22",42492,629,0.473,0.006,715,8,30.7,0.8,16.5,0.3,21.4,0.3,9.4,0.2,2009
"266","Louisiana","LA","South","West South Central","22",51073,586,0.4978,0.0049,866,10,31.2,0.8,14.5,0.2,19.2,0.3,9,NA,2019
"267","Maine","ME","Northeast","New England","23",58924,1758,0.449,0.0084,870,16,28.1,0.7,17.9,0.3,20.6,0.4,12.4,0.4,2019
"268","Maine","ME","Northeast","New England","23",46581,892,0.436,0.008,702,14,30.8,1,21.9,0.4,25.1,0.5,13.9,0.4,2008
"269","Maine","ME","Northeast","New England","23",46974,797,0.4532,0.0074,760,16,31.2,1.1,19.7,0.3,22.9,0.4,13.7,0.4,2013
"270","Maine","ME","Northeast","New England","23",53079,1379,0.4519,0.0076,797,23,28.8,0.9,18.6,0.4,21.7,0.5,12.8,0.4,2016
"271","Maine","ME","Northeast","New England","23",55602,1326,0.4516,0.0073,839,18,29.3,0.8,17.9,0.3,20.8,0.4,12.3,0.3,2018
"272","Maine","ME","Northeast","New England","23",45888,710,0.44,0.009,650,16,28.7,0.7,21.2,0.3,24.4,0.4,13.9,0.4,2007
"273","Maine","ME","Northeast","New England","23",56277,1168,0.4526,0.0095,806,22,28,0.7,17.9,0.4,20.7,0.5,12.2,0.4,2017
"274","Maine","ME","Northeast","New England","23",49462,1112,0.4593,0.0098,776,13,30.4,1,19.8,0.3,23,0.4,14.1,0.5,2014
"275","Maine","ME","Northeast","New England","23",51494,854,0.4523,0.0102,792,16,29.7,0.8,19.2,0.3,22.4,0.4,13.2,0.4,2015
"276","Maine","ME","Northeast","New England","23",46709,898,0.445,0.007,744,13,30.9,0.9,20.4,0.4,23.8,0.4,13.6,0.4,2012
"277","Maine","ME","Northeast","New England","23",43439,773,0.428,0.008,636,15,28.7,0.7,20.9,0.3,23.8,0.4,14.1,0.4,2006
"278","Maine","ME","Northeast","New England","23",46033,802,0.4509,0.0089,747,15,32.2,1,21.1,0.4,24.4,0.4,14.6,0.4,2011
"279","Maine","ME","Northeast","New England","23",45734,935,0.432,0.008,722,13,30.7,1.2,21.8,0.4,24.8,0.4,14.4,0.5,2009
"280","Maine","ME","Northeast","New England","23",45815,953,0.437,0.007,707,16,29.8,1,20.9,0.4,24.1,0.4,13.9,0.4,2010
"281","Maryland","MD","South","South Atlantic","24",78945,737,0.4499,0.0029,1314,10,29.6,0.4,19.5,0.2,22,0.3,10.9,0.3,2016
"282","Maryland","MD","South","South Atlantic","24",71122,579,0.4473,0.0034,1170,10,30.3,0.5,21.5,0.3,23.8,0.3,12.3,0.3,2012
"283","Maryland","MD","South","South Atlantic","24",65144,659,0.433,0.004,953,8,28.6,0.4,22.2,0.2,24.5,0.3,11.9,0.3,2006
"284","Maryland","MD","South","South Atlantic","24",75847,591,0.4524,0.0036,1278,14,30.3,0.5,19.9,0.2,22.5,0.2,10.9,0.3,2015
"285","Maryland","MD","South","South Atlantic","24",86738,934,0.4558,0.0036,1401,12,29.9,0.6,18.5,0.2,21,0.3,9,NA,2019
"286","Maryland","MD","South","South Atlantic","24",73971,867,0.4491,0.0034,1242,12,30.8,0.5,20.2,0.2,22.9,0.2,11.2,0.3,2014
"287","Maryland","MD","South","South Atlantic","24",83242,1022,0.4543,0.0038,1371,12,29.9,0.6,18.9,0.2,21.4,0.2,10.3,0.3,2018
"288","Maryland","MD","South","South Atlantic","24",70545,622,0.438,0.004,1074,13,29.7,0.5,23.4,0.2,25.9,0.3,12.7,0.3,2008
"289","Maryland","MD","South","South Atlantic","24",80776,707,0.453,0.0038,1337,12,30,0.5,19.1,0.2,21.5,0.3,10.7,0.3,2017
"290","Maryland","MD","South","South Atlantic","24",68854,922,0.443,0.004,1131,10,30.8,0.6,23,0.2,25.4,0.3,12.9,0.3,2010
"291","Maryland","MD","South","South Atlantic","24",68080,740,0.442,0.004,1000,10,29.7,0.5,22.8,0.2,25.5,0.3,11.9,0.3,2007
"292","Maryland","MD","South","South Atlantic","24",70004,804,0.4466,0.0042,1153,11,31.9,0.6,22.6,0.2,24.9,0.2,12.9,0.3,2011
"293","Maryland","MD","South","South Atlantic","24",69272,696,0.448,0.004,1108,11,31,0.6,23.2,0.2,25.8,0.3,12.4,0.3,2009
"294","Maryland","MD","South","South Atlantic","24",72483,718,0.4555,0.0041,1210,10,30.8,0.5,20.6,0.3,23.2,0.2,11.2,0.3,2013
"295","Massachusetts","MA","Northeast","New England","25",62365,510,0.467,0.004,946,8,29.9,0.5,24.2,0.2,26.9,0.3,15.4,0.4,2007
"296","Massachusetts","MA","Northeast","New England","25",75297,771,0.4786,0.0034,1179,12,29.8,0.4,20.3,0.3,22.5,0.2,14,0.3,2016
"297","Massachusetts","MA","Northeast","New England","25",70628,620,0.4848,0.0039,1164,11,30.6,0.4,21.3,0.2,23.4,0.2,14.3,0.3,2015
"298","Massachusetts","MA","Northeast","New England","25",85843,991,0.4803,0.0039,1360,15,29.5,0.5,19.5,0.2,22.1,0.2,13.2,0.3,2019
"299","Massachusetts","MA","Northeast","New England","25",79835,970,0.4875,0.0035,1295,16,29.9,0.4,20.4,0.2,22.5,0.2,14.5,0.3,2018
"300","Massachusetts","MA","Northeast","New England","25",64081,680,0.468,0.005,988,10,29.5,0.4,23.9,0.2,26.3,0.3,15.6,0.4,2009
"301","Massachusetts","MA","Northeast","New England","25",65339,645,0.4813,0.004,1036,9,29.8,0.4,22.4,0.2,24.4,0.2,14.9,0.3,2012
"302","Massachusetts","MA","Northeast","New England","25",69160,957,0.4863,0.0031,1107,10,30.2,0.4,21.1,0.2,23.3,0.2,14.3,0.3,2014
"303","Massachusetts","MA","Northeast","New England","25",65401,597,0.471,0.005,991,13,29.7,0.4,24.3,0.2,27,0.3,15.4,0.4,2008
"304","Massachusetts","MA","Northeast","New England","25",66768,715,0.4837,0.0036,1077,11,30.1,0.5,21.5,0.2,23.8,0.2,14.3,0.3,2013
"305","Massachusetts","MA","Northeast","New England","25",77385,907,0.4851,0.0037,1208,12,29.7,0.4,20.1,0.2,22.1,0.2,14,0.3,2017
"306","Massachusetts","MA","Northeast","New England","25",59963,623,0.461,0.004,933,10,30.6,0.4,24.5,0.2,27.1,0.2,15.8,0.4,2006
"307","Massachusetts","MA","Northeast","New England","25",62859,902,0.4771,0.0034,1034,10,30.8,0.5,23.6,0.2,25.8,0.3,15.7,0.4,2011
"308","Massachusetts","MA","Northeast","New England","25",62072,408,0.475,0.004,1009,11,30.4,0.5,23.6,0.3,26.1,0.2,15.3,0.4,2010
"309","Michigan","MI","Midwest","East North Central","26",56697,406,0.4679,0.0033,861,5,29.3,0.3,16.8,0.1,19.3,0.2,12,0.2,2018
"310","Michigan","MI","Midwest","East North Central","26",51084,244,0.4667,0.0029,803,6,30,0.5,17.7,0.2,20,0.2,12.6,0.2,2015
"311","Michigan","MI","Midwest","East North Central","26",46859,331,0.4624,0.0027,748,5,32.5,0.4,19.4,0.1,22.4,0.2,13.3,0.2,2012
"312","Michigan","MI","Midwest","East North Central","26",52492,402,0.4695,0.0029,818,6,29.7,0.3,17,0.2,19.4,0.2,12.1,0.2,2016
"313","Michigan","MI","Midwest","East North Central","26",54909,440,0.4671,0.0029,835,6,29.2,0.3,16.8,0.2,19.3,0.1,11.9,0.2,2017
"314","Michigan","MI","Midwest","East North Central","26",45255,358,0.453,0.004,716,6,33.2,0.5,21.9,0.2,24.9,0.2,13.9,0.2,2009
"315","Michigan","MI","Midwest","East North Central","26",47950,386,0.448,0.003,683,6,31.2,0.5,21.9,0.2,24.9,0.2,13.7,0.2,2007
"316","Michigan","MI","Midwest","East North Central","26",45981,330,0.4612,0.0029,739,6,33.3,0.5,20.7,0.2,23.7,0.2,14,0.2,2011
"317","Michigan","MI","Midwest","East North Central","26",48273,378,0.4641,0.0029,768,6,31.4,0.5,18.4,0.1,21.3,0.2,12.8,0.2,2013
"318","Michigan","MI","Midwest","East North Central","26",49847,385,0.4598,0.0026,788,6,31.3,0.4,18.2,0.1,20.9,0.2,12.9,0.2,2014
"319","Michigan","MI","Midwest","East North Central","26",48591,421,0.451,0.003,706,7,31.6,0.4,21.9,0.1,24.8,0.1,13.6,0.2,2008
"320","Michigan","MI","Midwest","East North Central","26",45413,306,0.451,0.003,730,5,33.3,0.4,21.4,0.2,24.6,0.2,13.9,0.2,2010
"321","Michigan","MI","Midwest","East North Central","26",47182,318,0.444,0.003,675,6,31.1,0.5,21.9,0.2,24.6,0.2,13.9,0.1,2006
"322","Michigan","MI","Midwest","East North Central","26",59584,572,0.4634,0.0033,888,7,29,0.4,16.3,0.2,19.2,0.2,11.3,0.2,2019
"323","Minnesota","MN","Midwest","West North Central","27",58906,668,0.4441,0.0033,813,9,29.2,0.5,19.2,0.2,22.1,0.2,11.3,0.2,2012
"324","Minnesota","MN","Midwest","West North Central","27",74593,826,0.4434,0.0041,1016,14,27.6,0.4,16.8,0.1,19.3,0.2,10.4,0.2,2019
"325","Minnesota","MN","Midwest","West North Central","27",65599,606,0.4496,0.0039,912,9,28.2,0.4,17.5,0.2,19.8,0.2,10.6,0.2,2016
"326","Minnesota","MN","Midwest","West North Central","27",61481,471,0.4539,0.0035,859,7,29.3,0.4,18.3,0.2,21,0.2,11.3,0.2,2014
"327","Minnesota","MN","Midwest","West North Central","27",55802,605,0.436,0.004,711,7,28.7,0.5,21.5,0.3,24.5,0.2,11.9,0.2,2007
"328","Minnesota","MN","Midwest","West North Central","27",60702,432,0.4462,0.0035,832,7,29,0.5,18.6,0.2,21.5,0.2,11.1,0.2,2013
"329","Minnesota","MN","Midwest","West North Central","27",57288,520,0.445,0.005,734,8,29.6,0.4,21.6,0.2,24.6,0.2,12,0.2,2008
"330","Minnesota","MN","Midwest","West North Central","27",56954,488,0.4436,0.0041,787,9,30.2,0.6,20.5,0.2,23.5,0.2,12.1,0.2,2011
"331","Minnesota","MN","Midwest","West North Central","27",54023,445,0.43,0.004,701,7,29,0.5,21.5,0.2,24.4,0.2,12,0.2,2006
"332","Minnesota","MN","Midwest","West North Central","27",63488,669,0.4492,0.0035,888,9,28.6,0.3,17.7,0.2,20.3,0.2,10.9,0.2,2015
"333","Minnesota","MN","Midwest","West North Central","27",55459,457,0.44,0.005,764,8,30.2,0.5,21.1,0.2,24.1,0.2,11.9,0.2,2010
"334","Minnesota","MN","Midwest","West North Central","27",55616,546,0.439,0.004,757,12,30,0.5,21.4,0.2,24.3,0.2,12.1,0.3,2009
"335","Minnesota","MN","Midwest","West North Central","27",68388,658,0.4516,0.0034,939,10,28.4,0.4,17.2,0.2,19.7,0.2,10.4,0.3,2017
"336","Minnesota","MN","Midwest","West North Central","27",70315,539,0.4536,0.0035,969,10,28.4,0.5,17.3,0.1,19.7,0.1,10.8,0.2,2018
"337","Mississippi","MS","South","East South Central","28",41754,556,0.4828,0.0066,728,11,29.1,0.8,15.9,0.3,20,0.4,10.9,0.3,2016
"338","Mississippi","MS","South","East South Central","28",36919,583,0.4735,0.006,689,9,33.1,0.8,18.4,0.3,23.4,0.4,12.1,0.3,2011
"339","Mississippi","MS","South","East South Central","28",39680,773,0.476,0.0068,711,10,30.9,1,17.4,0.3,21.9,0.4,12,0.4,2014
"340","Mississippi","MS","South","East South Central","28",43529,855,0.479,0.0067,742,11,29.2,0.7,15.3,0.3,20.1,0.5,10,0.3,2017
"341","Mississippi","MS","South","East South Central","28",40593,543,0.4759,0.006,724,10,31.4,0.8,16.4,0.3,21.4,0.5,11.3,0.4,2015
"342","Mississippi","MS","South","East South Central","28",37963,1029,0.4791,0.0061,708,10,30.7,1,16.9,0.4,21.8,0.5,11.4,0.4,2013
"343","Mississippi","MS","South","East South Central","28",34473,614,0.471,0.007,584,9,31.8,0.9,19,0.3,23,0.4,12.8,0.3,2006
"344","Mississippi","MS","South","East South Central","28",36646,695,0.47,0.008,644,11,31.7,0.7,18.6,0.3,23.2,0.4,12.2,0.3,2009
"345","Mississippi","MS","South","East South Central","28",36338,686,0.48,0.007,609,13,30.6,1,18.8,0.3,23.1,0.4,12.4,0.4,2007
"346","Mississippi","MS","South","East South Central","28",44717,793,0.4828,0.0069,777,12,30,0.9,15.4,0.4,19.6,0.4,10.5,0.4,2018
"347","Mississippi","MS","South","East South Central","28",37095,584,0.487,0.0067,666,11,32.4,1,17.5,0.3,22.4,0.4,11.7,0.3,2012
"348","Mississippi","MS","South","East South Central","28",37790,676,0.478,0.007,638,11,31.4,1,18.6,0.3,22.7,0.4,12.4,0.3,2008
"349","Mississippi","MS","South","East South Central","28",36851,635,0.468,0.006,672,12,33.2,1,18.4,0.3,23.5,0.4,12,0.4,2010
"350","Mississippi","MS","South","East South Central","28",45792,1184,0.4896,0.0085,777,12,29.2,0.8,14.9,0.3,19.7,0.4,10,0.3,2019
"351","Missouri","MO","Midwest","West North Central","29",51746,374,0.4646,0.0047,771,6,27.3,0.5,16.7,0.2,19.5,0.2,11,0.2,2016
"352","Missouri","MO","Midwest","West North Central","29",53578,629,0.4618,0.0041,800,9,27.7,0.5,16.3,0.2,19,0.2,10.8,0.3,2017
"353","Missouri","MO","Midwest","West North Central","29",50238,415,0.4634,0.0044,763,7,28.3,0.4,17.2,0.2,19.9,0.2,11.3,0.2,2015
"354","Missouri","MO","Midwest","West North Central","29",45321,418,0.4608,0.0038,706,7,30.5,0.5,18.3,0.2,21.6,0.2,11.8,0.2,2012
"355","Missouri","MO","Midwest","West North Central","29",45114,489,0.45,0.005,618,6,28.7,0.4,19.1,0.2,22.5,0.2,11,0.2,2007
"356","Missouri","MO","Midwest","West North Central","29",46931,427,0.4605,0.0043,734,6,29.5,0.4,17.7,0.2,20.8,0.2,11.5,0.2,2013
"357","Missouri","MO","Midwest","West North Central","29",45247,529,0.4611,0.0051,708,7,29.9,0.5,19.2,0.2,22.3,0.2,12.4,0.2,2011
"358","Missouri","MO","Midwest","West North Central","29",48363,567,0.4628,0.0037,754,7,29.2,0.4,17.9,0.2,20.7,0.3,11.7,0.2,2014
"359","Missouri","MO","Midwest","West North Central","29",46867,373,0.448,0.004,657,6,27.7,0.5,19.1,0.2,22.3,0.3,11.5,0.2,2008
"360","Missouri","MO","Midwest","West North Central","29",54478,751,0.4657,0.0048,830,8,28.1,0.5,16.5,0.2,19.2,0.2,11.4,0.3,2018
"361","Missouri","MO","Midwest","West North Central","29",45229,519,0.45,0.004,668,7,28.8,0.5,19.1,0.2,22.4,0.2,11.5,0.2,2009
"362","Missouri","MO","Midwest","West North Central","29",42841,449,0.449,0.005,607,6,28.5,0.4,19.1,0.2,22.4,0.2,11.6,0.2,2006
"363","Missouri","MO","Midwest","West North Central","29",44301,507,0.455,0.005,682,6,30.1,0.5,19.1,0.2,22.6,0.2,11.7,0.2,2010
"364","Missouri","MO","Midwest","West North Central","29",57409,642,0.4633,0.0042,834,8,27.5,0.5,16.1,0.2,19,0.2,10.5,0.3,2019
"365","Montana","MT","West","Mountain","30",50027,1096,0.4667,0.0111,741,17,27.3,1,17.4,0.4,22.4,0.5,10.6,0.4,2016
"366","Montana","MT","West","Mountain","30",43531,1028,0.443,0.01,579,13,26,1.2,18.8,0.4,23.6,0.5,11.2,0.5,2007
"367","Montana","MT","West","Mountain","30",55328,1172,0.4535,0.0101,811,19,27.4,1.2,17.5,0.5,22.2,0.6,10.5,0.6,2018
"368","Montana","MT","West","Mountain","30",44222,1078,0.4351,0.0094,650,17,28.5,1,19.3,0.5,25,0.7,11.9,0.5,2011
"369","Montana","MT","West","Mountain","30",45076,1092,0.4502,0.0107,681,13,28.8,0.9,18.4,0.3,22.9,0.5,11.6,0.4,2012
"370","Montana","MT","West","Mountain","30",40627,705,0.426,0.008,571,14,28.5,1.1,19.8,0.4,24.2,0.5,12.5,0.5,2006
"371","Montana","MT","West","Mountain","30",43654,1263,0.449,0.01,631,17,28.3,0.9,18.9,0.5,24,0.5,11.9,0.5,2008
"372","Montana","MT","West","Mountain","30",42322,1073,0.431,0.009,627,13,27.6,1,19.2,0.5,24,0.5,11.6,0.4,2009
"373","Montana","MT","West","Mountain","30",42666,1130,0.435,0.008,642,18,28.3,0.8,18.8,0.4,24.1,0.7,11.3,0.5,2010
"374","Montana","MT","West","Mountain","30",46972,1140,0.462,0.0086,690,18,28.8,1,17.8,0.5,22.4,0.6,10.7,0.5,2013
"375","Montana","MT","West","Mountain","30",46328,1217,0.4544,0.0077,711,15,28.4,1.1,17.6,0.4,22.8,0.6,10.9,0.5,2014
"376","Montana","MT","West","Mountain","30",53386,1427,0.4539,0.0101,759,20,27.5,1,17.4,0.4,21.5,0.6,11.2,0.5,2017
"377","Montana","MT","West","Mountain","30",57153,1205,0.4597,0.0104,831,25,27.9,0.9,17.2,0.4,21.8,0.5,10.5,0.5,2019
"378","Montana","MT","West","Mountain","30",49509,1410,0.4623,0.0091,763,15,28,0.8,17.7,0.4,22.5,0.5,10.7,0.5,2015
"379","Nebraska","NE","Midwest","West North Central","31",51440,493,0.4445,0.0061,714,10,27.5,0.7,17.4,0.3,20.3,0.3,11.7,0.3,2013
"380","Nebraska","NE","Midwest","West North Central","31",50723,577,0.4339,0.005,692,9,27.1,0.6,17.9,0.2,20.7,0.3,12,0.3,2012
"381","Nebraska","NE","Midwest","West North Central","31",47085,689,0.429,0.006,614,10,26.6,0.8,19.3,0.3,22.4,0.3,12.9,0.4,2007
"382","Nebraska","NE","Midwest","West North Central","31",52686,688,0.4352,0.0055,742,10,26.6,0.6,17.6,0.2,20.3,0.3,12.1,0.3,2014
"383","Nebraska","NE","Midwest","West North Central","31",45474,579,0.43,0.007,593,10,26.8,0.6,19.6,0.3,22.4,0.3,12.9,0.3,2006
"384","Nebraska","NE","Midwest","West North Central","31",50296,687,0.4467,0.0094,673,10,27.1,0.7,18.3,0.2,20.9,0.3,12.5,0.3,2011
"385","Nebraska","NE","Midwest","West North Central","31",47357,804,0.44,0.007,644,9,26.7,0.8,19.1,0.3,22.1,0.3,12.3,0.3,2009
"386","Nebraska","NE","Midwest","West North Central","31",48408,904,0.432,0.007,669,7,27.7,0.7,18.6,0.3,21.4,0.3,12.6,0.3,2010
"387","Nebraska","NE","Midwest","West North Central","31",63229,936,0.44,0.0056,859,12,26.3,0.7,16.6,0.3,19.4,0.3,11.2,0.3,2019
"388","Nebraska","NE","Midwest","West North Central","31",56927,767,0.4477,0.007,769,10,27.2,0.8,16.4,0.3,19.2,0.3,11.3,0.3,2016
"389","Nebraska","NE","Midwest","West North Central","31",49693,811,0.427,0.006,626,10,26.1,0.7,19.3,0.3,22.2,0.3,12.5,0.4,2008
"390","Nebraska","NE","Midwest","West North Central","31",59970,1014,0.4391,0.0065,801,13,25.2,0.7,16.9,0.2,19.5,0.3,11.3,0.3,2017
"391","Nebraska","NE","Midwest","West North Central","31",54996,830,0.4473,0.0067,750,11,26.9,0.6,17,0.2,19.7,0.3,11.4,0.3,2015
"392","Nebraska","NE","Midwest","West North Central","31",59566,1072,0.4488,0.0062,830,11,26.4,0.5,16.8,0.2,19.2,0.3,11.9,0.3,2018
"393","Nevada","NV","West","Mountain","32",63276,1021,0.471,0.0074,1168,12,30.5,0.6,18.1,0.3,21.8,0.4,9,NA,2019
"394","Nevada","NV","West","Mountain","32",56361,793,0.431,0.007,1011,16,29.8,0.7,26,0.5,29.7,0.5,11.1,0.5,2008
"395","Nevada","NV","West","Mountain","32",53341,981,0.433,0.006,993,13,31.1,0.6,25.8,0.5,29,0.4,12.1,0.4,2009
"396","Nevada","NV","West","Mountain","32",51450,683,0.4427,0.0061,955,11,29.8,0.5,19.3,0.3,23.1,0.4,10,NA,2014
"397","Nevada","NV","West","Mountain","32",55180,901,0.4577,0.0069,1003,13,29.9,0.6,18.7,0.3,22.4,0.4,10,NA,2016
"398","Nevada","NV","West","Mountain","32",52998,1049,0.434,0.008,917,12,30.1,0.7,25.2,0.5,28.4,0.5,11.9,0.4,2006
"399","Nevada","NV","West","Mountain","32",49760,826,0.4516,0.0075,944,12,30.7,0.7,21.7,0.4,25.4,0.5,10.7,0.5,2012
"400","Nevada","NV","West","Mountain","32",58646,1133,0.469,0.0072,1108,12,30.6,0.6,18.4,0.3,22.2,0.3,9,NA,2018
"401","Nevada","NV","West","Mountain","32",48927,1020,0.4526,0.0091,936,13,31.2,0.8,23.4,0.5,27.1,0.6,12.1,0.5,2011
"402","Nevada","NV","West","Mountain","32",51230,589,0.4543,0.0078,952,11,29.7,0.6,20.1,0.4,24,0.4,10,NA,2013
"403","Nevada","NV","West","Mountain","32",55062,936,0.437,0.007,980,13,30,0.6,25.7,0.5,29.6,0.6,11.6,0.5,2007
"404","Nevada","NV","West","Mountain","32",52431,978,0.4548,0.0066,980,11,29.8,0.5,19,0.3,22.6,0.4,10,NA,2015
"405","Nevada","NV","West","Mountain","32",58003,947,0.4606,0.0076,1051,13,29.1,0.6,18.5,0.3,22,0.4,10,NA,2017
"406","Nevada","NV","West","Mountain","32",51001,792,0.448,0.008,952,14,31.6,0.7,24.5,0.4,28.1,0.5,12.2,0.4,2010
"407","New Hampshire","NH","Northeast","New England","33",63280,1537,0.4298,0.0074,967,14,29.6,1,23.4,0.4,25.8,0.5,16.7,0.7,2012
"408","New Hampshire","NH","Northeast","New England","33",70936,1422,0.4304,0.0086,1026,23,27.8,0.9,20.2,0.5,22.4,0.4,15,0.7,2016
"409","New Hampshire","NH","Northeast","New England","33",62369,1147,0.417,0.008,892,15,27.9,0.8,24.2,0.3,26.8,0.5,15.8,0.7,2007
"410","New Hampshire","NH","Northeast","New England","33",73381,1694,0.4386,0.0076,1072,21,28.7,0.8,20,0.3,22.2,0.4,14.1,0.5,2017
"411","New Hampshire","NH","Northeast","New England","33",66532,1297,0.441,0.0084,994,16,29.8,1,21.9,0.3,23.9,0.4,16.1,0.8,2014
"412","New Hampshire","NH","Northeast","New England","33",70303,1254,0.4347,0.0081,1017,25,28.7,0.8,21.3,0.4,23,0.4,15.5,0.7,2015
"413","New Hampshire","NH","Northeast","New England","33",74991,1555,0.453,0.0081,1090,23,29.1,0.9,20.3,0.4,22.6,0.4,14.9,0.6,2018
"414","New Hampshire","NH","Northeast","New England","33",61042,1147,0.425,0.008,951,16,30.3,1,23.9,0.4,26.5,0.5,16.5,0.8,2010
"415","New Hampshire","NH","Northeast","New England","33",60567,1385,0.431,0.009,918,20,29.6,0.9,24.4,0.3,26.9,0.4,16.9,0.7,2009
"416","New Hampshire","NH","Northeast","New England","33",77933,1994,0.4406,0.0089,1147,27,28.9,0.8,19.7,0.3,22.1,0.4,14.3,0.5,2019
"417","New Hampshire","NH","Northeast","New England","33",59683,1238,0.417,0.008,861,17,29.9,1.1,23.9,0.4,26.2,0.5,15.8,0.8,2006
"418","New Hampshire","NH","Northeast","New England","33",64230,1347,0.4387,0.0085,995,20,29.1,0.9,22.4,0.4,24.2,0.4,16.4,0.7,2013
"419","New Hampshire","NH","Northeast","New England","33",62647,1415,0.4347,0.0092,939,15,30.1,1,24.2,0.5,26.5,0.5,17.4,0.7,2011
"420","New Hampshire","NH","Northeast","New England","33",63731,1642,0.419,0.007,914,17,29.1,0.9,24.5,0.4,27,0.5,16.2,0.8,2008
"421","New Jersey","NJ","Northeast","Middle Atlantic","34",70165,546,0.48,0.0028,1171,8,32.2,0.4,24.1,0.3,26.4,0.3,17.6,0.3,2013
"422","New Jersey","NJ","Northeast","Middle Atlantic","34",69667,716,0.4718,0.003,1148,7,32.4,0.5,25.3,0.3,27.7,0.3,18.6,0.4,2012
"423","New Jersey","NJ","Northeast","Middle Atlantic","34",64470,658,0.458,0.003,974,7,29.9,0.4,25.7,0.2,28,0.3,18.7,0.3,2006
"424","New Jersey","NJ","Northeast","Middle Atlantic","34",67035,573,0.464,0.003,1026,8,30.6,0.5,26.2,0.3,28.6,0.3,18.1,0.4,2007
"425","New Jersey","NJ","Northeast","Middle Atlantic","34",80088,672,0.4794,0.0032,1284,11,30.9,0.4,22.1,0.2,24.1,0.2,16.1,0.4,2017
"426","New Jersey","NJ","Northeast","Middle Atlantic","34",81740,687,0.4836,0.0035,1336,9,30.6,0.4,21.8,0.2,24,0.2,16,0.3,2018
"427","New Jersey","NJ","Northeast","Middle Atlantic","34",72222,610,0.4832,0.0031,1214,8,31.9,0.4,23.6,0.2,25.7,0.3,17.6,0.3,2015
"428","New Jersey","NJ","Northeast","Middle Atlantic","34",70378,516,0.462,0.004,1068,8,30,0.4,26.3,0.2,28.7,0.2,18.5,0.3,2008
"429","New Jersey","NJ","Northeast","Middle Atlantic","34",76126,701,0.4813,0.0027,1244,9,31,0.4,22.8,0.2,24.7,0.3,17.1,0.3,2016
"430","New Jersey","NJ","Northeast","Middle Atlantic","34",71919,438,0.4757,0.0036,1202,8,31.5,0.5,23.6,0.3,25.7,0.3,17.3,0.3,2014
"431","New Jersey","NJ","Northeast","Middle Atlantic","34",67458,721,0.4694,0.0034,1135,7,32.6,0.5,26.6,0.2,29,0.3,19.2,0.3,2011
"432","New Jersey","NJ","Northeast","Middle Atlantic","34",85751,760,0.4782,0.0036,1376,9,29.6,0.4,21,0.2,23.3,0.2,15,0.3,2019
"433","New Jersey","NJ","Northeast","Middle Atlantic","34",68342,659,0.465,0.004,1108,8,31.4,0.5,26.7,0.2,28.9,0.2,19.2,0.4,2009
"434","New Jersey","NJ","Northeast","Middle Atlantic","34",67681,763,0.464,0.004,1114,8,32.4,0.5,26.4,0.3,28.7,0.2,18.9,0.4,2010
"435","New Mexico","NM","West","Mountain","35",42558,902,0.4713,0.0063,753,12,30.8,1.1,17.9,0.3,23.1,0.5,10,NA,2012
"436","New Mexico","NM","West","Mountain","35",45382,870,0.4795,0.0065,783,15,30.3,1,17,0.3,21.9,0.5,10,NA,2015
"437","New Mexico","NM","West","Mountain","35",40629,714,0.457,0.009,617,11,29.1,0.9,18.6,0.3,22.9,0.3,10.1,0.5,2006
"438","New Mexico","NM","West","Mountain","35",46748,826,0.4769,0.0069,804,16,28.9,0.8,16.6,0.3,21.7,0.6,10,NA,2016
"439","New Mexico","NM","West","Mountain","35",41963,803,0.4821,0.009,729,12,31.8,1.1,18.4,0.4,23.5,0.5,10.3,0.4,2011
"440","New Mexico","NM","West","Mountain","35",43508,912,0.46,0.008,668,15,28.9,0.8,18.6,0.3,23.4,0.4,10,0.4,2008
"441","New Mexico","NM","West","Mountain","35",41452,677,0.459,0.008,637,11,28.8,0.9,18.5,0.4,23.4,0.5,10.4,0.5,2007
"442","New Mexico","NM","West","Mountain","35",42090,734,0.464,0.008,699,12,29.3,0.8,18.4,0.4,24.3,0.4,10,NA,2010
"443","New Mexico","NM","West","Mountain","35",43872,950,0.4759,0.0064,772,16,30.8,1.1,17.1,0.3,22.5,0.4,10,NA,2013
"444","New Mexico","NM","West","Mountain","35",43028,1033,0.453,0.007,680,11,28.8,0.8,18.3,0.4,23.4,0.5,9.5,0.3,2009
"445","New Mexico","NM","West","Mountain","35",44803,849,0.477,0.0071,777,17,30.7,1,17.2,0.3,22.4,0.5,10,NA,2014
"446","New Mexico","NM","West","Mountain","35",46744,1195,0.4776,0.0069,813,18,29.6,0.7,16.4,0.4,21.6,0.5,10,NA,2017
"447","New Mexico","NM","West","Mountain","35",51945,969,0.4768,0.007,847,14,28.4,1.1,15.8,0.4,21.1,0.5,9,NA,2019
"448","New Mexico","NM","West","Mountain","35",47169,900,0.4891,0.0079,830,15,29.7,0.9,16.3,0.4,21.9,0.5,9,NA,2018
"449","New York","NY","Northeast","Middle Atlantic","36",51384,255,0.495,0.003,875,4,30.5,0.3,23.2,0.2,26.4,0.2,15.7,0.2,2006
"450","New York","NY","Northeast","Middle Atlantic","36",54659,396,0.502,0.003,984,6,30.9,0.2,22.8,0.2,26.1,0.2,15.5,0.3,2009
"451","New York","NY","Northeast","Middle Atlantic","36",58878,393,0.5111,0.0027,1148,5,32.5,0.3,21.2,0.1,24.5,0.2,14.6,0.2,2014
"452","New York","NY","Northeast","Middle Atlantic","36",56448,371,0.5009,0.0028,1079,6,31.9,0.3,22.2,0.1,25.3,0.3,15.1,0.2,2012
"453","New York","NY","Northeast","Middle Atlantic","36",55246,398,0.5033,0.0031,1058,5,32.5,0.2,22.7,0.2,26.3,0.2,15.3,0.3,2011
"454","New York","NY","Northeast","Middle Atlantic","36",57369,431,0.5098,0.0035,1109,6,32.1,0.3,21.2,0.2,24.6,0.2,14.5,0.2,2013
"455","New York","NY","Northeast","Middle Atlantic","36",53514,349,0.5,0.003,907,6,30.2,0.3,22.8,0.2,26.4,0.2,15.2,0.3,2007
"456","New York","NY","Northeast","Middle Atlantic","36",64894,507,0.5157,0.0031,1226,8,31.5,0.3,19.5,0.2,22.9,0.2,13.4,0.2,2017
"457","New York","NY","Northeast","Middle Atlantic","36",62909,631,0.5129,0.0023,1194,7,31.6,0.3,19.6,0.2,23.1,0.2,13.5,0.2,2016
"458","New York","NY","Northeast","Middle Atlantic","36",56033,380,0.503,0.003,953,5,30.3,0.3,22.9,0.2,26.3,0.3,15.3,0.2,2008
"459","New York","NY","Northeast","Middle Atlantic","36",54148,376,0.499,0.003,1020,6,31.7,0.3,22.9,0.2,26.3,0.3,15.5,0.3,2010
"460","New York","NY","Northeast","Middle Atlantic","36",60850,306,0.5138,0.0029,1173,7,31.9,0.3,20.6,0.2,24.1,0.2,14,0.2,2015
"461","New York","NY","Northeast","Middle Atlantic","36",67844,637,0.513,0.0028,1274,8,31.1,0.3,19.4,0.2,22.7,0.2,13.6,0.3,2018
"462","New York","NY","Northeast","Middle Atlantic","36",72108,452,0.5149,0.0026,1309,9,30.1,0.3,18.6,0.2,22.1,0.2,12.8,0.2,2019
"463","North Carolina","NC","South","South Atlantic","37",44670,432,0.465,0.003,678,6,28.8,0.5,19.7,0.2,22.9,0.3,11.6,0.2,2007
"464","North Carolina","NC","South","South Atlantic","37",46549,423,0.463,0.004,694,5,28.4,0.4,19.8,0.2,23.1,0.2,11.3,0.2,2008
"465","North Carolina","NC","South","South Atlantic","37",43674,375,0.464,0.004,720,5,30.5,0.5,20,0.2,23.4,0.2,11.8,0.2,2009
"466","North Carolina","NC","South","South Atlantic","37",50584,292,0.478,0.0041,839,5,28.7,0.3,17.2,0.2,20.2,0.2,10.5,0.2,2016
"467","North Carolina","NC","South","South Atlantic","37",43326,370,0.464,0.004,731,5,31.3,0.4,20.6,0.2,24,0.2,12.5,0.2,2010
"468","North Carolina","NC","South","South Atlantic","37",52752,510,0.4763,0.0032,861,6,28.5,0.3,16.7,0.2,19.6,0.2,10.1,0.2,2017
"469","North Carolina","NC","South","South Atlantic","37",57341,611,0.4743,0.0034,931,8,28.4,0.4,16.3,0.2,19.3,0.1,9,NA,2019
"470","North Carolina","NC","South","South Atlantic","37",45906,424,0.4765,0.0036,778,5,30,0.4,18.3,0.2,21.6,0.2,11.3,0.2,2013
"471","North Carolina","NC","South","South Atlantic","37",43916,519,0.4716,0.0037,745,7,31.8,0.5,20.1,0.3,23.5,0.3,12.3,0.2,2011
"472","North Carolina","NC","South","South Atlantic","37",47830,521,0.4776,0.0036,827,6,29.7,0.3,17.9,0.1,21,0.2,11.4,0.3,2015
"473","North Carolina","NC","South","South Atlantic","37",53855,573,0.4782,0.0042,900,8,29,0.4,16.8,0.2,19.7,0.2,10.6,0.3,2018
"474","North Carolina","NC","South","South Atlantic","37",42625,440,0.458,0.003,656,4,28.9,0.4,19.8,0.2,23.1,0.2,11.9,0.2,2006
"475","North Carolina","NC","South","South Atlantic","37",46556,381,0.4748,0.0032,803,6,30.4,0.4,18.4,0.2,21.5,0.2,11.8,0.2,2014
"476","North Carolina","NC","South","South Atlantic","37",45150,391,0.4691,0.0033,756,5,29.8,0.4,19,0.1,22.3,0.2,11.7,0.2,2012
"477","North Dakota","ND","Midwest","West North Central","38",51704,1260,0.4448,0.0101,626,21,26.4,1.3,15.6,0.5,19.2,0.5,10,0.5,2011
"478","North Dakota","ND","Midwest","West North Central","38",61843,1052,0.4546,0.0105,785,19,24.9,1.3,14.7,0.4,18.8,0.5,10,NA,2017
"479","North Dakota","ND","Midwest","West North Central","38",64577,3011,0.4558,0.0104,804,22,24.1,1,14.3,0.4,18.4,0.5,9,NA,2019
"480","North Dakota","ND","Midwest","West North Central","38",55759,1452,0.455,0.0086,690,17,25.9,1.2,14.5,0.5,18.5,0.4,10,NA,2013
"481","North Dakota","ND","Midwest","West North Central","38",48670,1575,0.433,0.011,583,12,25.8,1.1,15.9,0.4,19.6,0.4,10,NA,2010
"482","North Dakota","ND","Midwest","West North Central","38",47827,995,0.45,0.013,564,14,24.8,1.1,16.1,0.4,19.7,0.4,10.3,0.5,2009
"483","North Dakota","ND","Midwest","West North Central","38",60656,1528,0.4533,0.0122,776,17,24.9,1.2,14.1,0.3,18.2,0.5,10,NA,2016
"484","North Dakota","ND","Midwest","West North Central","38",45685,974,0.451,0.014,534,13,24,0.8,16.9,0.4,20.7,0.7,11.2,0.5,2008
"485","North Dakota","ND","Midwest","West North Central","38",63837,2324,0.4427,0.0117,808,19,24.6,0.9,14.8,0.4,18.8,0.4,9,NA,2018
"486","North Dakota","ND","Midwest","West North Central","38",53585,1546,0.4597,0.0105,644,14,24,0.9,14.8,0.4,18.9,0.4,10,NA,2012
"487","North Dakota","ND","Midwest","West North Central","38",41919,1000,0.434,0.012,497,13,25.8,1.3,17.3,0.4,21,0.5,11.5,0.5,2006
"488","North Dakota","ND","Midwest","West North Central","38",59029,1681,0.4664,0.011,728,12,25.3,1.2,14,0.4,18.1,0.4,10,NA,2014
"489","North Dakota","ND","Midwest","West North Central","38",60557,1661,0.4664,0.012,775,16,24.7,1,14.1,0.4,18.2,0.4,10,NA,2015
"490","North Dakota","ND","Midwest","West North Central","38",43753,1205,0.44,0.012,516,11,25.8,1.1,17.1,0.4,20.6,0.5,11.6,0.5,2007
"491","Ohio","OH","Midwest","East North Central","39",52334,275,0.468,0.0034,759,4,27.9,0.3,16.9,0.1,19.4,0.2,11.4,0.2,2016
"492","Ohio","OH","Midwest","East North Central","39",47988,317,0.45,0.003,667,5,29.1,0.3,20.6,0.1,23.3,0.2,13.1,0.2,2008
"493","Ohio","OH","Midwest","East North Central","39",49308,363,0.4637,0.0025,735,4,29.2,0.3,17.9,0.1,20.5,0.2,12.3,0.2,2014
"494","Ohio","OH","Midwest","East North Central","39",46829,293,0.4615,0.0029,700,4,29.7,0.3,18.8,0.2,21.7,0.2,12.4,0.2,2012
"495","Ohio","OH","Midwest","East North Central","39",51075,233,0.4637,0.0034,746,4,28.6,0.3,17.5,0.1,19.9,0.2,12,0.2,2015
"496","Ohio","OH","Midwest","East North Central","39",44532,352,0.449,0.004,627,4,29.3,0.4,21,0.1,23.6,0.1,13.8,0.2,2006
"497","Ohio","OH","Midwest","East North Central","39",56111,425,0.4667,0.003,797,6,27.6,0.3,16.6,0.2,19.1,0.2,11.5,0.2,2018
"498","Ohio","OH","Midwest","East North Central","39",46597,304,0.448,0.003,643,5,29.5,0.3,20.5,0.1,23.3,0.2,13,0.2,2007
"499","Ohio","OH","Midwest","East North Central","39",48081,406,0.4652,0.0031,709,4,29.3,0.4,18.1,0.2,21,0.2,11.9,0.2,2013
"500","Ohio","OH","Midwest","East North Central","39",45090,294,0.452,0.003,685,4,31.1,0.4,20.4,0.2,23.4,0.2,13.1,0.2,2010
"501","Ohio","OH","Midwest","East North Central","39",45395,350,0.453,0.003,670,4,30,0.4,20.4,0.2,23.3,0.2,13.1,0.2,2009
"502","Ohio","OH","Midwest","East North Central","39",45749,319,0.4594,0.0027,692,4,31,0.5,19.9,0.2,22.8,0.2,13.1,0.2,2011
"503","Ohio","OH","Midwest","East North Central","39",58642,563,0.4651,0.0033,813,6,27.2,0.3,15.9,0.2,18.5,0.1,10.9,0.2,2019
"504","Ohio","OH","Midwest","East North Central","39",54021,411,0.4642,0.0032,772,5,27.5,0.4,16.5,0.2,19,0.2,11.3,0.2,2017
"505","Oklahoma","OK","South","West South Central","40",49176,625,0.4645,0.0046,744,7,27.5,0.4,15.7,0.2,19.6,0.3,10,0.2,2016
"506","Oklahoma","OK","South","West South Central","40",42072,407,0.454,0.005,659,9,28.9,0.5,18,0.2,21.9,0.3,11.2,0.3,2010
"507","Oklahoma","OK","South","West South Central","40",41567,395,0.463,0.006,588,7,27.5,0.5,17.6,0.2,21.1,0.3,10.7,0.3,2007
"508","Oklahoma","OK","South","West South Central","40",42822,713,0.458,0.005,614,7,27.6,0.6,17.5,0.3,21.2,0.3,10.7,0.2,2008
"509","Oklahoma","OK","South","West South Central","40",43225,607,0.4613,0.0042,675,8,29.3,0.5,17.9,0.2,21.8,0.3,11.5,0.2,2011
"510","Oklahoma","OK","South","West South Central","40",47529,454,0.466,0.0042,737,8,27.6,0.5,16.2,0.2,20,0.2,10.6,0.2,2014
"511","Oklahoma","OK","South","West South Central","40",44312,462,0.4643,0.0056,686,6,28.9,0.5,17,0.3,20.8,0.3,10.7,0.2,2012
"512","Oklahoma","OK","South","West South Central","40",41664,502,0.46,0.005,636,9,28.5,0.6,17,0.2,20.7,0.3,10.6,0.3,2009
"513","Oklahoma","OK","South","West South Central","40",45690,534,0.4619,0.0048,705,7,27.8,0.4,16.2,0.2,20.1,0.3,10.4,0.2,2013
"514","Oklahoma","OK","South","West South Central","40",38770,649,0.46,0.006,580,6,28.6,0.6,17.9,0.3,21.4,0.3,12,0.3,2006
"515","Oklahoma","OK","South","West South Central","40",51924,450,0.4687,0.005,808,8,26.9,0.5,15.6,0.2,19.3,0.2,10.5,0.2,2018
"516","Oklahoma","OK","South","West South Central","40",54449,599,0.4739,0.004,814,10,27.2,0.5,15.1,0.2,18.9,0.2,9,NA,2019
"517","Oklahoma","OK","South","West South Central","40",48568,514,0.4702,0.0045,759,7,27.6,0.4,16,0.2,19.9,0.2,10.2,0.2,2015
"518","Oklahoma","OK","South","West South Central","40",50051,575,0.4658,0.004,780,7,27.9,0.5,15.7,0.2,19.8,0.3,10.2,0.3,2017
"519","Oregon","OR","West","Pacific","41",48457,623,0.443,0.005,819,10,30.9,0.7,23.2,0.3,27,0.3,12.8,0.3,2009
"520","Oregon","OR","West","Pacific","41",63426,1056,0.4582,0.0053,1130,13,29.8,0.6,19.2,0.3,22.8,0.3,11.7,0.4,2018
"521","Oregon","OR","West","Pacific","41",46230,503,0.444,0.005,714,7,29.9,0.6,22.6,0.3,26.1,0.3,12.4,0.3,2006
"522","Oregon","OR","West","Pacific","41",48730,681,0.442,0.005,743,8,29.1,0.6,22.8,0.3,26.6,0.3,12.1,0.3,2007
"523","Oregon","OR","West","Pacific","41",49161,807,0.4565,0.0048,862,8,32.1,0.7,22,0.3,25.6,0.3,12.7,0.3,2012
"524","Oregon","OR","West","Pacific","41",50169,523,0.447,0.005,780,7,30.1,0.7,23,0.3,26.9,0.4,12.6,0.3,2008
"525","Oregon","OR","West","Pacific","41",46560,542,0.449,0.005,816,7,32.7,0.6,23.2,0.3,27.3,0.4,12.9,0.3,2010
"526","Oregon","OR","West","Pacific","41",57532,855,0.4583,0.005,1015,14,30.7,0.7,19.5,0.3,22.7,0.3,11.8,0.3,2016
"527","Oregon","OR","West","Pacific","41",54148,912,0.4622,0.0046,943,9,30.8,0.7,19.8,0.2,23.3,0.2,11.9,0.3,2015
"528","Oregon","OR","West","Pacific","41",46816,711,0.4586,0.0069,840,9,32.9,0.7,23,0.3,26.7,0.4,13.1,0.3,2011
"529","Oregon","OR","West","Pacific","41",67058,873,0.45,0.0052,1185,14,29.4,0.4,19.1,0.3,22.4,0.4,11.6,0.3,2019
"530","Oregon","OR","West","Pacific","41",51075,490,0.4624,0.0051,924,10,32.6,0.5,20.3,0.3,23.8,0.3,12.2,0.3,2014
"531","Oregon","OR","West","Pacific","41",50251,532,0.46,0.0059,887,8,31.9,0.6,21,0.3,24.2,0.3,12.4,0.3,2013
"532","Oregon","OR","West","Pacific","41",60212,796,0.4593,0.0058,1079,12,30.9,0.6,19.9,0.3,23,0.3,12.5,0.3,2017
"533","Pennsylvania","PA","Northeast","Middle Atlantic","42",60905,315,0.4747,0.0025,927,7,29.1,0.4,17.6,0.1,20.1,0.2,12.6,0.2,2018
"534","Pennsylvania","PA","Northeast","Middle Atlantic","42",50713,260,0.457,0.003,726,6,28.8,0.3,20.7,0.2,23.8,0.2,13.9,0.1,2008
"535","Pennsylvania","PA","Northeast","Middle Atlantic","42",50228,292,0.4611,0.0024,786,5,30.8,0.4,20.4,0.1,23.7,0.2,14.1,0.2,2011
"536","Pennsylvania","PA","Northeast","Middle Atlantic","42",56907,360,0.4689,0.0026,881,5,28.7,0.3,17.8,0.2,20.6,0.2,12.7,0.2,2016
"537","Pennsylvania","PA","Northeast","Middle Atlantic","42",48576,297,0.46,0.003,685,5,28.8,0.3,20.5,0.2,23.8,0.2,13.8,0.2,2007
"538","Pennsylvania","PA","Northeast","Middle Atlantic","42",63463,429,0.4745,0.0031,951,7,28.6,0.3,16.8,0.2,19.6,0.1,11.6,0.2,2019
"539","Pennsylvania","PA","Northeast","Middle Atlantic","42",52007,256,0.4696,0.0025,828,5,30.2,0.4,18.8,0.1,21.9,0.2,13.1,0.2,2013
"540","Pennsylvania","PA","Northeast","Middle Atlantic","42",53234,420,0.4686,0.0026,848,6,30.5,0.4,18.7,0.2,21.8,0.2,13.2,0.2,2014
"541","Pennsylvania","PA","Northeast","Middle Atlantic","42",51230,265,0.4642,0.0021,798,5,30,0.3,19.4,0.2,22.6,0.1,13.5,0.1,2012
"542","Pennsylvania","PA","Northeast","Middle Atlantic","42",55702,377,0.4685,0.0025,868,5,29.6,0.3,18.4,0.1,21.3,0.2,12.9,0.2,2015
"543","Pennsylvania","PA","Northeast","Middle Atlantic","42",49288,433,0.461,0.003,763,6,30.4,0.4,20.3,0.2,23.8,0.2,13.7,0.2,2010
"544","Pennsylvania","PA","Northeast","Middle Atlantic","42",49520,286,0.46,0.003,738,5,29.2,0.3,20.4,0.1,23.7,0.2,13.7,0.2,2009
"545","Pennsylvania","PA","Northeast","Middle Atlantic","42",59195,443,0.4777,0.0025,893,5,28.8,0.3,17.6,0.2,20.1,0.2,12.4,0.2,2017
"546","Pennsylvania","PA","Northeast","Middle Atlantic","42",46259,290,0.455,0.003,664,5,28.7,0.3,20.7,0.1,23.7,0.2,14.3,0.2,2006
"547","Rhode Island","RI","Northeast","New England","44",60596,1591,0.4781,0.0097,948,17,29.4,0.8,20.9,0.6,23.3,0.6,14.4,0.6,2016
"548","Rhode Island","RI","Northeast","New England","44",58073,2421,0.4732,0.0094,938,13,29.4,0.7,21.3,0.5,23.5,0.5,14.6,0.6,2015
"549","Rhode Island","RI","Northeast","New England","44",54119,1522,0.457,0.011,890,23,30,0.9,25,0.6,27.6,0.6,16.4,1,2009
"550","Rhode Island","RI","Northeast","New England","44",54891,1488,0.4827,0.0095,934,16,31.3,1,22.1,0.4,24.5,0.5,15.4,0.8,2014
"551","Rhode Island","RI","Northeast","New England","44",54554,1789,0.4647,0.0082,878,15,30.3,0.9,23.3,0.5,25.4,0.7,16.2,1,2012
"552","Rhode Island","RI","Northeast","New England","44",53568,1353,0.457,0.009,830,14,30,0.9,24.6,0.5,27.4,0.6,15.5,0.8,2007
"553","Rhode Island","RI","Northeast","New England","44",55902,1902,0.4769,0.0107,918,16,31.2,1.2,21.7,0.5,24.5,0.6,14.8,0.7,2013
"554","Rhode Island","RI","Northeast","New England","44",52254,1244,0.467,0.009,868,14,30.9,1,25.2,0.5,27.7,0.6,15.4,1,2010
"555","Rhode Island","RI","Northeast","New England","44",53636,1699,0.4674,0.0111,875,17,30.4,1.1,24.6,0.5,26.9,0.6,17,1.1,2011
"556","Rhode Island","RI","Northeast","New England","44",63870,1861,0.4722,0.0099,941,19,28.5,0.8,20.8,0.6,23.1,0.5,13.7,0.6,2017
"557","Rhode Island","RI","Northeast","New England","44",71169,1559,0.4628,0.0096,1043,29,29.5,1.3,19.6,0.5,22.4,0.5,12.8,0.5,2019
"558","Rhode Island","RI","Northeast","New England","44",51814,1151,0.442,0.01,840,15,29,0.8,25,0.7,27.6,0.7,16.9,0.9,2006
"559","Rhode Island","RI","Northeast","New England","44",64340,2058,0.47,0.0101,998,28,28.9,1,20.8,0.6,23.2,0.6,14.1,0.7,2018
"560","Rhode Island","RI","Northeast","New England","44",55701,1791,0.46,0.014,850,20,29.7,0.8,24.7,0.5,27.3,0.6,15.8,1,2008
"561","South Carolina","SC","South","South Atlantic","45",49501,601,0.4735,0.005,841,9,29.5,0.5,16.6,0.3,20.5,0.3,10.3,0.3,2016
"562","South Carolina","SC","South","South Atlantic","45",56227,835,0.4747,0.0056,922,12,29,0.6,15.5,0.2,19.2,0.2,9,NA,2019
"563","South Carolina","SC","South","South Atlantic","45",42018,424,0.461,0.006,728,8,32.2,0.7,19.5,0.3,23.5,0.3,12,0.3,2010
"564","South Carolina","SC","South","South Atlantic","45",42442,565,0.462,0.005,706,9,30.8,0.9,19.1,0.2,23.1,0.3,11.4,0.3,2009
"565","South Carolina","SC","South","South Atlantic","45",42367,559,0.4648,0.0052,741,8,32.6,0.9,19.2,0.3,23.5,0.3,11.9,0.3,2011
"566","South Carolina","SC","South","South Atlantic","45",43329,635,0.459,0.005,645,9,28.3,0.5,19,0.2,22.7,0.3,11.1,0.3,2007
"567","South Carolina","SC","South","South Atlantic","45",50570,532,0.4795,0.0052,848,9,30.2,0.7,16,0.3,19.7,0.2,10,NA,2017
"568","South Carolina","SC","South","South Atlantic","45",43107,660,0.4684,0.0045,754,9,31.5,0.6,18.1,0.2,22.1,0.3,11.2,0.3,2012
"569","South Carolina","SC","South","South Atlantic","45",52306,631,0.4762,0.0058,892,12,29.5,0.6,16.4,0.3,20,0.3,10.2,0.3,2018
"570","South Carolina","SC","South","South Atlantic","45",45238,507,0.4687,0.0051,791,7,31,0.6,17.6,0.3,21.6,0.3,11,0.3,2014
"571","South Carolina","SC","South","South Atlantic","45",44625,633,0.464,0.006,675,9,28.7,0.6,18.5,0.2,22.6,0.3,10.5,0.3,2008
"572","South Carolina","SC","South","South Atlantic","45",44163,659,0.4665,0.0044,766,9,31,0.6,17.7,0.2,21.7,0.3,10.8,0.3,2013
"573","South Carolina","SC","South","South Atlantic","45",41100,431,0.462,0.006,640,7,28.7,0.6,19.3,0.2,22.9,0.3,11.6,0.3,2006
"574","South Carolina","SC","South","South Atlantic","45",47238,547,0.4698,0.005,819,9,29.8,0.6,17.1,0.2,20.9,0.3,10.7,0.3,2015
"575","South Dakota","SD","Midwest","West North Central","46",54467,1289,0.4495,0.0121,706,19,26,1,16.1,0.3,19.4,0.4,10.5,0.5,2016
"576","South Dakota","SD","Midwest","West North Central","46",50979,1027,0.4468,0.0102,647,14,25.6,1,16.6,0.4,20.2,0.6,11.1,0.4,2014
"577","South Dakota","SD","Midwest","West North Central","46",45904,1215,0.442,0.012,591,16,26.9,0.9,18,0.4,21.9,0.5,10.9,0.5,2010
"578","South Dakota","SD","Midwest","West North Central","46",48362,974,0.4335,0.0114,651,17,26,1,17.3,0.4,20.9,0.6,10.5,0.5,2012
"579","South Dakota","SD","Midwest","West North Central","46",42791,983,0.439,0.016,522,15,24.7,1.1,18.3,0.4,22.2,0.5,11.7,0.4,2006
"580","South Dakota","SD","Midwest","West North Central","46",59533,1949,0.436,0.0093,769,24,25.2,1.3,16.1,0.4,19.7,0.5,10.5,0.5,2019
"581","South Dakota","SD","Midwest","West North Central","46",56274,1454,0.4445,0.0131,734,14,26.3,1,16.5,0.4,19.9,0.5,11.1,0.4,2018
"582","South Dakota","SD","Midwest","West North Central","46",43424,944,0.423,0.009,526,20,25.9,1,18.4,0.4,22.1,0.5,12,0.4,2007
"583","South Dakota","SD","Midwest","West North Central","46",53017,1096,0.4436,0.0093,675,18,25.7,1,16.3,0.4,20,0.5,10.3,0.5,2015
"584","South Dakota","SD","Midwest","West North Central","46",56521,1314,0.4488,0.0135,722,18,25.7,1.3,15.9,0.4,19.5,0.4,10.2,0.5,2017
"585","South Dakota","SD","Midwest","West North Central","46",48321,1598,0.4324,0.0095,612,17,25.9,1,18.1,0.4,21.7,0.5,11.5,0.5,2011
"586","South Dakota","SD","Midwest","West North Central","46",46032,1172,0.446,0.012,569,15,24.9,0.9,18.4,0.4,22.5,0.6,11.2,0.5,2008
"587","South Dakota","SD","Midwest","West North Central","46",48947,1091,0.4427,0.0085,637,17,25.9,1,16.7,0.4,20.5,0.6,10.7,0.5,2013
"588","South Dakota","SD","Midwest","West North Central","46",45043,1214,0.452,0.015,562,14,26.6,1,17.9,0.4,22.2,0.4,11.1,0.5,2009
"589","Tennessee","TN","South","East South Central","47",42764,579,0.4732,0.0042,730,6,30.6,0.6,18.5,0.2,22.7,0.3,10.7,0.2,2012
"590","Tennessee","TN","South","East South Central","47",41461,403,0.468,0.004,697,5,31.4,0.6,19.4,0.2,23.7,0.3,11.4,0.2,2010
"591","Tennessee","TN","South","East South Central","47",52375,489,0.4778,0.0047,861,7,29.5,0.4,16.3,0.2,19.8,0.3,9,NA,2018
"592","Tennessee","TN","South","East South Central","47",42367,345,0.471,0.004,634,6,28.1,0.6,19,0.2,23.1,0.3,10.6,0.2,2007
"593","Tennessee","TN","South","East South Central","47",43614,425,0.471,0.005,660,7,29.1,0.5,19,0.2,23.2,0.2,10.6,0.2,2008
"594","Tennessee","TN","South","East South Central","47",41693,423,0.4756,0.0047,715,7,31.5,0.5,19.3,0.2,23.5,0.3,11.8,0.2,2011
"595","Tennessee","TN","South","East South Central","47",40315,425,0.468,0.004,613,7,29,0.5,19.1,0.2,23.1,0.3,11,0.3,2006
"596","Tennessee","TN","South","East South Central","47",44297,501,0.4783,0.0042,748,7,30.1,0.6,17.7,0.2,21.8,0.3,10.4,0.3,2013
"597","Tennessee","TN","South","East South Central","47",47275,489,0.4789,0.0046,785,6,29.3,0.4,17.1,0.1,20.9,0.2,10.2,0.2,2015
"598","Tennessee","TN","South","East South Central","47",56071,658,0.4749,0.0045,904,8,28.5,0.4,15.7,0.3,19.4,0.2,9,NA,2019
"599","Tennessee","TN","South","East South Central","47",51340,410,0.4822,0.005,833,9,28.3,0.4,16,0.2,19.7,0.2,10,NA,2017
"600","Tennessee","TN","South","East South Central","47",48547,675,0.479,0.004,806,8,28.9,0.4,16.7,0.2,20.3,0.3,10.1,0.2,2016
"601","Tennessee","TN","South","East South Central","47",41725,439,0.467,0.005,682,6,30.5,0.6,19.5,0.2,23.7,0.2,11.1,0.3,2009
"602","Tennessee","TN","South","East South Central","47",44361,561,0.4811,0.0045,770,7,30.5,0.6,17.7,0.1,21.8,0.2,10.8,0.2,2014
"603","Texas","TX","South","West South Central","48",50043,220,0.474,0.003,768,4,29,0.2,19.4,0.2,23,0.2,12.2,0.1,2008
"604","Texas","TX","South","West South Central","48",47548,308,0.473,0.002,734,4,28.9,0.2,19.7,0.1,23.3,0.1,12.7,0.2,2007
"605","Texas","TX","South","West South Central","48",49392,391,0.4771,0.0029,813,5,30,0.3,19.3,0.2,23,0.2,12.5,0.1,2011
"606","Texas","TX","South","West South Central","48",48259,244,0.474,0.003,788,5,29.8,0.3,19.3,0.2,23,0.2,12.2,0.2,2009
"607","Texas","TX","South","West South Central","48",44922,287,0.474,0.003,711,4,29.4,0.3,20.5,0.2,23.9,0.1,13.6,0.2,2006
"608","Texas","TX","South","West South Central","48",59206,490,0.4781,0.002,987,5,29.2,0.3,17.2,0.2,20.7,0.2,11.2,0.2,2017
"609","Texas","TX","South","West South Central","48",55653,314,0.4823,0.0021,932,5,28.9,0.3,17.4,0.1,21.1,0.2,11.4,0.2,2015
"610","Texas","TX","South","West South Central","48",64034,500,0.4753,0.0019,1091,5,29.2,0.3,17,0.2,20.9,0.2,11,0.1,2019
"611","Texas","TX","South","West South Central","48",48615,347,0.469,0.002,801,4,30.2,0.3,19.6,0.2,23.4,0.2,12.5,0.1,2010
"612","Texas","TX","South","West South Central","48",53035,377,0.4827,0.0021,896,4,29.5,0.2,17.7,0.2,21.4,0.2,11.7,0.2,2014
"613","Texas","TX","South","West South Central","48",51704,238,0.4807,0.0026,857,4,29,0.2,17.5,0.1,21.3,0.1,11.2,0.2,2013
"614","Texas","TX","South","West South Central","48",60629,279,0.4822,0.0022,1046,5,29.5,0.2,17.3,0.1,21.2,0.2,11.5,0.2,2018
"615","Texas","TX","South","West South Central","48",56565,300,0.48,0.0021,956,4,28.9,0.2,17.2,0.1,20.9,0.2,11.3,0.1,2016
"616","Texas","TX","South","West South Central","48",50740,267,0.4767,0.0021,831,4,29.2,0.3,18.4,0.2,22.1,0.2,11.8,0.1,2012
"617","Utah","UT","West","Mountain","49",68358,1229,0.4225,0.0072,986,15,27.6,0.7,17.9,0.2,21,0.3,10,NA,2017
"618","Utah","UT","West","Mountain","49",51309,573,0.41,0.007,697,10,28,0.7,21.2,0.4,24.2,0.3,9.7,0.3,2006
"619","Utah","UT","West","Mountain","49",56633,705,0.411,0.006,784,11,27,0.7,21.3,0.3,24.7,0.3,8.9,0.3,2008
"620","Utah","UT","West","Mountain","49",65977,955,0.4263,0.0069,954,14,27.9,0.6,17.9,0.3,21,0.3,10,NA,2016
"621","Utah","UT","West","Mountain","49",59770,762,0.4259,0.0057,881,12,28.7,0.6,19,0.3,22.6,0.3,10,NA,2013
"622","Utah","UT","West","Mountain","49",57049,737,0.4244,0.007,851,11,29.8,0.7,20.1,0.3,23.5,0.3,10,NA,2012
"623","Utah","UT","West","Mountain","49",55109,762,0.409,0.007,733,12,26.8,0.8,21,0.4,24.4,0.3,9.1,0.3,2007
"624","Utah","UT","West","Mountain","49",55869,805,0.4249,0.0069,822,12,30.7,1,21.1,0.3,24.5,0.3,10,NA,2011
"625","Utah","UT","West","Mountain","49",54744,625,0.419,0.007,796,12,29.5,0.8,21.4,0.3,24.8,0.3,10,NA,2010
"626","Utah","UT","West","Mountain","49",60922,658,0.4283,0.0054,886,13,28.4,0.7,18.8,0.3,22.2,0.3,10,NA,2014
"627","Utah","UT","West","Mountain","49",71414,741,0.4269,0.0064,1043,15,27.6,0.6,17.6,0.3,20.8,0.3,9,NA,2018
"628","Utah","UT","West","Mountain","49",62912,1223,0.4252,0.0051,925,12,27.7,0.6,18,0.3,21.2,0.3,10,NA,2015
"629","Utah","UT","West","Mountain","49",55117,803,0.414,0.008,793,12,29.5,0.7,21.3,0.3,24.9,0.3,9,0.3,2009
"630","Utah","UT","West","Mountain","49",75780,1093,0.4268,0.0069,1098,15,27.7,0.7,17.4,0.3,20.7,0.3,9,NA,2019
"631","Vermont","VT","Northeast","New England","50",49907,1176,0.428,0.01,756,21,29.7,1.1,22.9,0.5,25.8,0.8,16.4,0.7,2007
"632","Vermont","VT","Northeast","New England","50",52578,1561,0.4537,0.0127,865,19,31.9,1.2,21.9,0.5,24.3,0.5,16.9,0.7,2013
"633","Vermont","VT","Northeast","New England","50",52776,1420,0.4308,0.0098,849,22,31.7,1.5,23,0.5,25.5,0.7,16.6,0.8,2011
"634","Vermont","VT","Northeast","New England","50",52977,1259,0.4392,0.0088,860,18,30.3,1.2,22.7,0.4,24.8,0.5,16.8,0.6,2012
"635","Vermont","VT","Northeast","New England","50",57677,1672,0.4539,0.0093,925,21,30.4,1.5,20.9,0.5,23.2,0.5,15.3,0.7,2016
"636","Vermont","VT","Northeast","New England","50",54166,1724,0.4406,0.0096,917,26,30.6,1.6,21.9,0.5,24.4,0.6,16.8,0.6,2014
"637","Vermont","VT","Northeast","New England","50",52104,980,0.434,0.012,797,29,31.1,1.3,23.3,0.4,25.8,0.6,16.4,0.8,2008
"638","Vermont","VT","Northeast","New England","50",51618,950,0.428,0.009,829,24,30.5,1,23.5,0.5,26.1,0.6,16.7,0.9,2009
"639","Vermont","VT","Northeast","New England","50",57513,2088,0.4525,0.0108,950,28,30.3,1.4,20.5,0.5,23.2,0.5,15,0.6,2017
"640","Vermont","VT","Northeast","New England","50",49406,1483,0.444,0.009,823,20,31.8,1.4,23.5,0.4,26,0.6,16.3,0.8,2010
"641","Vermont","VT","Northeast","New England","50",60782,1551,0.4473,0.0151,969,29,28.8,1,20.2,0.5,22.6,0.5,15.5,0.6,2018
"642","Vermont","VT","Northeast","New England","50",56990,1325,0.4452,0.0102,923,22,30.2,1.2,21.3,0.4,23.9,0.4,15.2,0.8,2015
"643","Vermont","VT","Northeast","New England","50",47665,1270,0.42,0.009,716,22,30.5,1.2,22.9,0.5,25.4,0.6,16,0.7,2006
"644","Vermont","VT","Northeast","New England","50",63001,1755,0.4471,0.0114,980,25,32,1.3,19.3,0.4,22,0.6,14,0.5,2019
"645","Virginia","VA","South","South Atlantic","51",61741,410,0.4661,0.0028,1068,10,30.1,0.4,19.9,0.2,23.1,0.2,10.6,0.2,2012
"646","Virginia","VA","South","South Atlantic","51",64902,624,0.4658,0.0032,1116,10,30.1,0.4,19,0.2,22.1,0.2,10.3,0.2,2014
"647","Virginia","VA","South","South Atlantic","51",62666,665,0.4672,0.0031,1086,10,29.7,0.4,19.2,0.2,22.5,0.2,10.3,0.2,2013
"648","Virginia","VA","South","South Atlantic","51",61233,435,0.46,0.004,934,12,28.9,0.4,21.5,0.2,24.7,0.3,10.5,0.3,2008
"649","Virginia","VA","South","South Atlantic","51",68114,748,0.4705,0.0034,1159,13,29.6,0.4,18.3,0.1,21.3,0.2,10,NA,2016
"650","Virginia","VA","South","South Atlantic","51",66262,541,0.4681,0.003,1144,10,29.8,0.4,18.9,0.2,22.1,0.3,10.3,0.3,2015
"651","Virginia","VA","South","South Atlantic","51",60674,457,0.459,0.003,1019,11,30.2,0.4,21.3,0.2,24.7,0.2,11.4,0.3,2010
"652","Virginia","VA","South","South Atlantic","51",71535,544,0.4674,0.0037,1179,11,28.7,0.4,18.1,0.2,21.2,0.2,10,NA,2017
"653","Virginia","VA","South","South Atlantic","51",56277,458,0.456,0.004,846,10,28.2,0.4,21.1,0.2,24.1,0.2,10.9,0.2,2006
"654","Virginia","VA","South","South Atlantic","51",59562,589,0.456,0.004,892,9,28.4,0.4,21.5,0.2,24.6,0.2,10.9,0.3,2007
"655","Virginia","VA","South","South Atlantic","51",76456,842,0.469,0.0035,1254,16,28.3,0.4,17.4,0.2,20.5,0.3,9,NA,2019
"656","Virginia","VA","South","South Atlantic","51",59330,482,0.456,0.003,989,9,29.8,0.4,21.7,0.2,24.8,0.2,11.1,0.3,2009
"657","Virginia","VA","South","South Atlantic","51",61882,507,0.4632,0.0035,1062,13,30.1,0.5,20.9,0.2,24,0.2,11.2,0.3,2011
"658","Virginia","VA","South","South Atlantic","51",72577,686,0.4754,0.0041,1215,12,29.4,0.4,18.2,0.2,21.1,0.3,10.3,0.3,2018
"659","Washington","WA","West","Pacific","53",52583,479,0.443,0.005,779,6,29,0.5,23.2,0.2,26.5,0.3,12.1,0.2,2006
"660","Washington","WA","West","Pacific","53",67106,595,0.4591,0.0046,1135,10,29,0.4,19.4,0.2,22.5,0.2,11.1,0.2,2016
"661","Washington","WA","West","Pacific","53",58405,671,0.4572,0.0036,989,8,30.5,0.4,20.6,0.2,24,0.3,11.6,0.2,2013
"662","Washington","WA","West","Pacific","53",74073,697,0.4574,0.0036,1316,12,29.1,0.3,19.3,0.2,22.5,0.2,11.7,0.3,2018
"663","Washington","WA","West","Pacific","53",57573,595,0.4498,0.0036,954,8,30.4,0.5,21.8,0.2,25,0.2,12.1,0.3,2012
"664","Washington","WA","West","Pacific","53",61366,485,0.4542,0.0037,1032,10,30,0.4,20,0.3,23.4,0.2,11.4,0.2,2014
"665","Washington","WA","West","Pacific","53",55591,501,0.444,0.004,816,8,28.9,0.3,23.3,0.2,26.7,0.3,12.2,0.3,2007
"666","Washington","WA","West","Pacific","53",64129,794,0.4561,0.0038,1080,10,29.2,0.4,19.5,0.2,22.7,0.2,11.2,0.2,2015
"667","Washington","WA","West","Pacific","53",58078,575,0.442,0.004,874,8,29.2,0.4,23.3,0.2,26.9,0.3,11.8,0.2,2008
"668","Washington","WA","West","Pacific","53",55631,550,0.441,0.004,908,8,30.6,0.5,23.1,0.2,26.7,0.3,12.1,0.2,2010
"669","Washington","WA","West","Pacific","53",56835,569,0.4449,0.0036,930,9,30.4,0.6,22.7,0.2,26.1,0.3,12.6,0.2,2011
"670","Washington","WA","West","Pacific","53",78687,923,0.4577,0.0037,1359,14,29,0.3,18.9,0.2,22.4,0.2,10.6,0.3,2019
"671","Washington","WA","West","Pacific","53",70979,583,0.4561,0.0039,1216,13,29.2,0.4,19.4,0.2,22.5,0.2,11.3,0.2,2017
"672","Washington","WA","West","Pacific","53",56548,528,0.439,0.004,911,8,30,0.5,23.2,0.2,26.9,0.2,12,0.2,2009
"673","West Virginia","WV","South","South Atlantic","54",35059,618,0.447,0.007,499,11,29,0.9,15.2,0.3,20.2,0.5,9.9,0.3,2006
"674","West Virginia","WV","South","South Atlantic","54",40196,697,0.4638,0.0073,607,12,29.1,0.9,14.3,0.2,19.2,0.3,10,NA,2012
"675","West Virginia","WV","South","South Atlantic","54",37435,707,0.463,0.008,552,9,29.4,0.9,15.1,0.4,19.5,0.3,9.9,0.3,2009
"676","West Virginia","WV","South","South Atlantic","54",37989,1017,0.453,0.008,528,10,28.6,0.8,15.1,0.3,20.2,0.5,9.1,0.3,2008
"677","West Virginia","WV","South","South Atlantic","54",42019,793,0.4581,0.0059,675,12,28.9,0.8,14,0.3,18.3,0.3,10,NA,2015
"678","West Virginia","WV","South","South Atlantic","54",37060,760,0.454,0.008,525,11,27.8,0.9,15.2,0.3,20,0.4,9.6,0.3,2007
"679","West Virginia","WV","South","South Atlantic","54",41253,746,0.4647,0.0073,620,11,28.9,0.9,14.3,0.3,19.5,0.4,10,NA,2013
"680","West Virginia","WV","South","South Atlantic","54",43385,1112,0.4711,0.0082,682,15,29.2,1,14.1,0.3,18.4,0.4,10,NA,2016
"681","West Virginia","WV","South","South Atlantic","54",43469,1393,0.4686,0.0069,690,15,29.4,0.9,13.8,0.2,18.6,0.4,10,NA,2017
"682","West Virginia","WV","South","South Atlantic","54",48850,1131,0.4644,0.0068,727,14,28.2,0.9,13.1,0.2,17.8,0.3,9,NA,2019
"683","West Virginia","WV","South","South Atlantic","54",41059,651,0.4546,0.0074,656,11,28.3,1,14.1,0.3,18.8,0.3,10,NA,2014
"684","West Virginia","WV","South","South Atlantic","54",44097,1016,0.4742,0.008,735,12,29.7,0.9,14.1,0.2,18.5,0.3,10,0.3,2018
"685","West Virginia","WV","South","South Atlantic","54",38482,875,0.4721,0.0089,599,10,29.3,1.2,14.7,0.3,19.9,0.4,10,NA,2011
"686","West Virginia","WV","South","South Atlantic","54",38218,896,0.451,0.007,571,12,29.7,1.1,15,0.3,20.1,0.5,10,NA,2010
"687","Wisconsin","WI","Midwest","East North Central","55",51467,370,0.4446,0.0034,758,6,28.9,0.3,19.5,0.2,22.4,0.2,13.4,0.2,2013
"688","Wisconsin","WI","Midwest","East North Central","55",48772,440,0.424,0.005,658,6,28.4,0.4,22.1,0.2,24.6,0.2,14.2,0.2,2006
"689","Wisconsin","WI","Midwest","East North Central","55",52622,433,0.4397,0.0041,782,6,28.9,0.4,19.4,0.2,22.1,0.2,13.5,0.2,2014
"690","Wisconsin","WI","Midwest","East North Central","55",56811,549,0.4498,0.0037,802,7,27.5,0.4,18.1,0.2,20.4,0.2,12.6,0.3,2016
"691","Wisconsin","WI","Midwest","East North Central","55",60773,391,0.4483,0.0043,847,6,27.2,0.4,17.5,0.2,19.8,0.2,12.3,0.2,2018
"692","Wisconsin","WI","Midwest","East North Central","55",50578,364,0.428,0.004,673,6,27.7,0.4,21.7,0.2,24.4,0.2,13.9,0.2,2007
"693","Wisconsin","WI","Midwest","East North Central","55",51059,321,0.4401,0.0042,743,6,29.4,0.5,20.3,0.2,23,0.2,13.6,0.2,2012
"694","Wisconsin","WI","Midwest","East North Central","55",52094,357,0.426,0.004,704,5,28,0.4,21.8,0.2,24.5,0.2,13.8,0.3,2008
"695","Wisconsin","WI","Midwest","East North Central","55",55638,427,0.441,0.0032,792,5,28.2,0.4,18.6,0.1,21.1,0.2,12.9,0.2,2015
"696","Wisconsin","WI","Midwest","East North Central","55",50395,428,0.437,0.0038,739,5,29.6,0.4,21.4,0.2,24.1,0.3,14.1,0.2,2011
"697","Wisconsin","WI","Midwest","East North Central","55",64168,600,0.4391,0.0038,867,6,26.8,0.4,16.9,0.2,19.4,0.2,11.4,0.2,2019
"698","Wisconsin","WI","Midwest","East North Central","55",59305,587,0.4467,0.0035,819,6,27.2,0.4,17.6,0.2,19.9,0.2,12.2,0.3,2017
"699","Wisconsin","WI","Midwest","East North Central","55",49001,500,0.43,0.004,715,5,29.8,0.4,21.7,0.2,24.5,0.2,14,0.2,2010
"700","Wisconsin","WI","Midwest","East North Central","55",49993,405,0.432,0.004,708,7,29.1,0.4,21.8,0.2,24.4,0.2,13.9,0.3,2009
"701","Wyoming","WY","West","Mountain","56",60434,1759,0.4326,0.0155,832,26,27.1,1.5,16.7,0.6,21,0.7,10,NA,2017
"702","Wyoming","WY","West","Mountain","56",47423,1479,0.413,0.015,601,24,24.9,1.6,17.5,0.5,22.1,0.6,9,0.5,2006
"703","Wyoming","WY","West","Mountain","56",57055,1983,0.427,0.0147,792,30,25.3,1.3,16.5,0.5,20.4,0.7,10,NA,2014
"704","Wyoming","WY","West","Mountain","56",58752,1796,0.4183,0.012,780,24,26.5,1.4,16.5,0.6,20.9,0.7,10,NA,2013
"705","Wyoming","WY","West","Mountain","56",53207,1992,0.441,0.02,636,19,25.4,1.3,17.7,0.5,22.2,0.6,9.5,0.6,2008
"706","Wyoming","WY","West","Mountain","56",65003,2118,0.4345,0.0145,822,33,27.3,1.9,16.2,0.6,19.5,0.6,9,NA,2019
"707","Wyoming","WY","West","Mountain","56",52664,1877,0.415,0.014,700,32,24.7,1.3,17.7,0.6,22.2,0.7,9.3,0.5,2009
"708","Wyoming","WY","West","Mountain","56",60214,1582,0.4374,0.0153,815,32,25.2,1.7,16.3,0.5,20.1,0.7,10,NA,2015
"709","Wyoming","WY","West","Mountain","56",59882,2214,0.436,0.0128,840,32,26.8,1.2,16.6,0.5,20.5,0.7,10,NA,2016
"710","Wyoming","WY","West","Mountain","56",61584,1401,0.4555,0.0203,818,32,26.2,1.5,16.3,0.5,20.3,0.8,9,NA,2018
"711","Wyoming","WY","West","Mountain","56",51731,1322,0.437,0.022,636,21,22.7,1.2,16.7,0.6,20.5,0.7,9.6,0.5,2007
"712","Wyoming","WY","West","Mountain","56",54901,1491,0.4166,0.0117,742,18,27.4,1.4,16.6,0.5,20.6,0.8,10,NA,2012
"713","Wyoming","WY","West","Mountain","56",56322,1890,0.4081,0.0124,759,31,25.1,1.1,17.6,0.5,21.5,0.7,10,NA,2011
"714","Wyoming","WY","West","Mountain","56",53512,1894,0.423,0.017,693,24,25.3,1.4,17.3,0.6,22,0.6,10,NA,2010
